ts_s,power_w,sm_util_pct,sm_clock_mhz
0,71.377,0,345
1,72.142,0,345
2,72.597,0,345
3,72.205,0,345
4,71.292,0,345
5,70.918,0,345
6,70.8,0,345
7,70.647,0,345
8,70.524,0,345
9,70.37,0,345
10,70.46,0,345
11,70.566,0,345
12,70.877,0,345
13,71.278,0,345
14,77.169,2,1980
15,121.117,0,1980
16,126.851,16,1980
17,127.651,0,1980
18,145.457,52,1980
19,151.947,53,1980
20,151.034,52,1980
21,150.599,51,1980
22,151.11,53,1980
23,151.175,53,1980
24,150.093,53,1980
25,150.39,52,1980
26,150.83,53,1980
27,150.77,53,1980
28,150.706,51,1980
29,150.05,52,1980
30,150.869,53,1980
31,150.695,53,1980
32,150.836,52,1980
33,152.168,61,1980
34,151.998,60,1980
35,174.496,100,1980
36,192.742,100,1980
37,190.881,100,1980
39,192.179,100,1980
40,194.658,100,1980
41,193.836,100,1980
42,192.798,100,1980
43,193.789,100,1980
44,192.384,100,1980
45,192.392,100,1980
46,192.178,100,1980
47,192.375,100,1980
48,193.003,100,1980
49,192.696,100,1980
50,193.539,100,1980
51,193.362,100,1980
52,194.606,100,1980
53,193.7,100,1980
54,194.154,100,1980
55,193.511,100,1980
56,194.416,100,1980
57,194.695,100,1980
58,193.179,100,1980
59,193.556,100,1980
60,195.294,100,1980
61,194.86,100,1980
62,194.944,100,1980
63,193.571,100,1980
64,194.551,100,1980
65,194.036,100,1980
66,195.237,100,1980
67,194.738,100,1980
68,194.514,100,1980
69,193.968,100,1980
70,195.1,100,1980
71,194.659,100,1980
72,193.561,100,1980
73,194.879,100,1980
74,194.529,100,1980
75,194.111,100,1980
76,194.152,100,1980
77,195.322,100,1980
78,195.448,100,1980
79,194.695,100,1980
80,193.307,100,1980
81,193.211,100,1980
82,192.264,100,1980
83,193.895,100,1980
84,193.21,100,1980
85,194.004,100,1980
86,193.337,100,1980
87,193.426,100,1980
88,193.087,100,1980
89,195.301,100,1980
90,192.836,100,1980
91,192.894,100,1980
92,192.68,100,1980
93,193.795,100,1980
94,192.424,100,1980
95,193.04,100,1980
96,192.876,100,1980
97,193.412,100,1980
99,193.429,100,1980
100,192.582,100,1980
101,193.222,100,1980
102,193.713,100,1980
103,194.055,100,1980
104,193.061,100,1980
105,191.772,100,1980
106,193.946,100,1980
107,193.542,100,1980
108,193.975,100,1980
109,194.192,100,1980
110,193.779,100,1980
111,194.523,100,1980
112,193.214,100,1980
113,194.807,100,1980
114,195.436,100,1980
115,195.387,100,1980
116,195.495,100,1980
117,194.886,100,1980
118,196.378,100,1980
119,194.918,100,1980
120,194.737,100,1980
121,195.343,100,1980
122,194.688,100,1980
123,193.314,100,1980
124,194.007,100,1980
125,194.137,100,1980
126,193.328,100,1980
127,194.532,100,1980
128,193.515,100,1980
129,193.849,100,1980
130,193.808,100,1980
131,194.384,100,1980
132,193.383,100,1980
133,193.141,100,1980
134,193.56,100,1980
