1779984430.873801680,111.39,1980
1779984430.998927374,113.61,1980
1779984431.123075043,115.39,1980
1779984431.251061494,117.94,1980
1779984431.407881165,119.71,1980
1779984431.532780260,120.26,1980
1779984431.657889707,120.24,1980
1779984431.781793208,119.35,1980
1779984431.905491966,116.00,750
1779984432.032720796,109.25,675
1779984432.160427006,103.49,675
1779984432.287928357,96.78,615
1779984432.415164730,91.05,615
1779984432.541217630,85.32,570
1779984432.668454254,79.44,525
1779984432.795646862,73.85,525
1779984432.923404087,70.95,480
1779984433.051146957,70.91,435
1779984433.178587059,70.91,435
1779984433.305301756,70.91,390
1779984433.431916937,70.88,360
1779984433.568611568,70.79,360
1779984433.728126739,70.65,345
1779984433.857227158,70.45,345
1779984433.985034249,70.21,345
1779984434.112654094,69.86,345
1779984434.239833132,69.55,345
1779984434.368444466,69.29,345
1779984434.496618484,69.11,345
1779984434.627422354,68.95,345
1779984434.766242960,68.90,345
1779984434.894808241,68.88,345
1779984435.023054734,68.92,345
1779984435.151070652,68.99,345
1779984435.279073603,69.11,345
1779984435.407256818,69.26,345
1779984435.535546661,69.42,345
1779984435.664549628,69.60,345
1779984435.792914508,69.80,345
1779984435.920819360,69.98,345
1779984436.049024294,70.11,345
1779984436.176934024,70.11,345
1779984436.305304464,70.04,345
1779984436.433604630,69.90,345
1779984436.561500421,69.72,345
1779984436.690330215,69.48,345
1779984436.818545563,69.29,345
1779984436.948730973,69.10,345
1779984437.076603814,68.97,345
1779984437.205307443,68.92,345
1779984437.333437650,68.92,345
1779984437.461430370,68.94,345
1779984437.589551197,69.00,345
1779984437.719333192,69.11,345
1779984437.847793881,69.25,345
1779984437.976147736,69.42,345
1779984438.104545847,69.65,345
1779984438.234172443,69.86,345
1779984438.362878717,70.00,345
1779984438.490926569,70.11,345
1779984438.619200236,70.12,345
1779984438.746364412,69.99,345
1779984438.959156693,74.06,1980
1779984439.085622585,79.37,1980
1779984439.210970954,85.23,1980
1779984439.337356932,90.46,1980
1779984439.462972989,96.18,1980
1779984439.587666484,100.89,1980
1779984439.711765632,107.82,1980
1779984439.836931484,113.52,1980
1779984439.961975569,116.20,1980
1779984440.086394204,117.16,1980
1779984440.211635456,118.04,1980
1779984440.336172940,119.31,1980
1779984440.459700868,120.29,1980
1779984440.584538337,121.21,1980
1779984440.709102214,122.10,1980
1779984440.834205034,122.19,1980
1779984440.958879563,122.55,1980
1779984441.083665258,122.34,1980
1779984441.208096540,122.12,1980
1779984441.332254205,121.38,1980
1779984441.457968324,121.26,1980
1779984441.581695273,121.20,1980
1779984441.706539760,120.58,1980
1779984441.830535729,120.69,1980
1779984441.956360243,120.41,1980
1779984442.081295445,120.30,1980
1779984442.205418059,120.57,1980
1779984442.328892319,120.88,1980
1779984442.453751571,120.61,1980
1779984442.579373370,120.87,1980
