1779964965.717661790,345,2619,69.19
1779964965.995534996,345,2619,68.78
1779964966.272093480,345,2619,68.63
1779964966.549174889,345,2619,68.73
1779964966.825872312,345,2619,69.12
1779964967.101991230,345,2619,69.52
1779964967.378522247,345,2619,69.75
1779964967.655398037,345,2619,69.60
1779964967.931977299,345,2619,69.15
1779964968.208560798,345,2619,68.74
1779964968.484929362,345,2619,68.62
1779964968.761799571,345,2619,68.77
1779964969.038525003,345,2619,69.19
1779964969.315441135,345,2619,69.57
1779964969.592856065,345,2619,69.74
1779964969.871043710,345,2619,69.56
1779964970.147878342,345,2619,69.12
1779964970.424978844,345,2619,68.74
1779964970.701840470,345,2619,68.65
1779964970.978786070,345,2619,68.84
1779964971.255444924,345,2619,69.24
1779964971.532035244,345,2619,69.65
1779964971.808607244,345,2619,69.78
1779964972.085097293,345,2619,69.52
1779964972.361907230,345,2619,69.03
1779964972.638958329,345,2619,68.71
1779964972.915644044,345,2619,68.63
1779964973.192369587,345,2619,68.85
1779964973.469316393,345,2619,69.30
1779964973.746503744,345,2619,69.72
1779964974.190314989,1980,2619,81.23
1779964974.463749877,1980,2619,93.54
1779964974.737510563,1980,2619,104.89
1779964975.010585643,1980,2619,114.88
1779964975.283396122,1980,2619,114.71
1779964975.555733380,1980,2619,114.94
1779964975.828262888,1980,2619,115.70
1779964976.101201357,1980,2619,116.27
1779964976.374516208,1980,2619,116.86
1779964976.647805035,1980,2619,117.36
1779964976.920493888,1980,2619,116.99
1779964977.192839731,1980,2619,117.21
1779964977.465767157,1980,2619,117.22
1779964977.738396519,1980,2619,117.74
1779964978.013070140,1980,2619,118.56
1779964978.286117340,1980,2619,119.05
1779964978.558770928,1980,2619,118.58
1779964978.832313274,1980,2619,118.20
1779964979.104975014,1980,2619,117.84
1779964979.377938067,1980,2619,117.40
1779964979.650591116,1980,2619,117.95
1779964979.923757800,1980,2619,118.02
1779964980.197044538,1980,2619,118.43
1779964980.469507294,1980,2619,118.48
1779964980.742423467,1980,2619,118.16
1779964981.014952329,1980,2619,117.87
1779964981.287644825,1980,2619,117.38
1779964981.562463390,1980,2619,117.40
1779964981.835425360,1980,2619,117.70
1779964982.108621093,1980,2619,117.95
1779964982.381488615,1980,2619,118.78
1779964982.653999806,1980,2619,119.08
1779964982.927200579,1980,2619,118.98
1779964983.199789094,1980,2619,119.23
1779964983.472471163,1980,2619,119.78
1779964983.745514968,1605,2619,118.44
1779964984.018028416,1605,2619,116.35
1779964984.290463177,1605,2619,113.54
1779964984.562414699,1605,2619,110.81
1779964984.833413199,1605,2619,110.61
1779964985.106989552,1605,2619,110.70
1779964985.379290545,1605,2619,109.19
1779964985.652155619,1605,2619,107.54
1779964985.924722598,1605,2619,106.05
1779964986.197382865,1605,2619,105.33
1779964986.469819390,1605,2619,105.35
1779964986.743494143,1605,2619,105.62
1779964987.016413156,1605,2619,106.54
1779964987.289127678,1605,2619,106.60
1779964987.562311457,1605,2619,106.26
1779964987.834821512,1605,2619,105.61
1779964988.107268341,1605,2619,105.01
1779964988.380638137,1605,2619,105.11
1779964988.653640369,1605,2619,105.17
1779964988.927222266,1605,2619,105.66
1779964989.199711761,1605,2619,106.05
1779964989.472154978,1605,2619,106.21
1779964989.744712196,1605,2619,106.24
1779964990.016972205,1605,2619,105.73
1779964990.290543977,1605,2619,105.42
1779964990.564077163,1605,2619,105.25
1779964990.837558260,1605,2619,105.23
1779964991.111046641,1605,2619,105.68
1779964991.383422277,1605,2619,106.39
1779964991.655115028,1605,2619,106.33
1779964991.929578865,1605,2619,106.43
1779964992.202592935,1605,2619,105.94
1779964992.475478392,1605,2619,105.39
1779964992.748563788,1605,2619,104.98
1779964993.021247606,1605,2619,106.21
1779964993.294359834,1605,2619,107.68
1779964993.566997499,1605,2619,109.42
1779964993.839473769,1605,2619,110.94
1779964994.112196824,1605,2619,110.97
1779964994.384396367,1605,2619,110.70
1779964994.655972134,1605,2619,110.23
1779964994.928120504,1605,2619,110.03
1779964995.200879518,1605,2619,110.01
1779964995.474029591,1605,2619,110.34
1779964995.746455401,1605,2619,110.56
1779964996.019168474,1605,2619,110.90
1779964996.291615454,1605,2619,111.38
1779964996.563343431,1605,2619,111.10
1779964996.835370436,1605,2619,110.77
1779964997.108103483,1605,2619,110.34
1779964997.381196106,1605,2619,109.59
1779964997.653831442,1605,2619,108.36
1779964997.926708048,1605,2619,107.58
1779964998.199417471,1605,2619,106.36
1779964998.472512401,1605,2619,106.18
1779964998.745069442,1605,2619,106.67
1779964999.017886942,1605,2619,107.37
1779964999.290743036,1605,2619,108.14
1779964999.562199977,1605,2619,109.26
1779964999.835322626,1605,2619,109.56
1779965000.108489042,1605,2619,109.83
1779965000.381295932,1605,2619,110.61
1779965000.654088437,1605,2619,110.92
1779965000.927149412,1605,2619,110.93
1779965001.200445790,1605,2619,110.99
1779965001.473427376,1605,2619,110.36
1779965001.746513689,1605,2619,110.03
1779965002.019692253,1605,2619,109.98
1779965002.292817151,1605,2619,110.61
1779965002.565894211,1605,2619,110.88
1779965002.838610875,1605,2619,111.42
1779965003.111254300,1605,2619,111.37
1779965003.384043956,1605,2619,110.92
1779965003.656501726,1605,2619,110.60
1779965003.929268186,1605,2619,109.30
1779965004.204903955,1605,2619,109.37
1779965004.477782209,1605,2619,108.99
1779965004.750299436,1605,2619,109.12
1779965005.023346938,1605,2619,110.31
1779965005.295392242,1605,2619,110.61
1779965005.568073673,1605,2619,111.17
1779965005.840384462,1605,2619,110.66
1779965006.113343796,1605,2619,110.22
1779965006.386546587,1605,2619,109.80
1779965006.660284292,1605,2619,110.38
1779965006.934215516,1605,2619,114.06
1779965007.207389863,1605,2619,115.77
1779965007.479028949,1605,2619,116.42
1779965007.752429225,1605,2619,115.52
1779965008.027006299,1605,2619,112.80
1779965008.300673128,1605,2619,114.41
1779965008.572791679,1605,2619,113.39
1779965008.846040593,1605,2619,113.17
1779965009.119921892,1605,2619,112.26
1779965009.393403484,1605,2619,110.09
1779965009.667407033,1605,2619,110.46
1779965009.941107758,1605,2619,110.22
1779965010.215297176,1605,2619,111.32
1779965010.488694896,1605,2619,110.47
1779965010.762334767,1605,2619,110.61
1779965011.036542602,1605,2619,108.72
1779965011.310427388,1950,2619,106.64
