1779965011.560698303,1965,2619,109.42
1779965011.833808464,1980,2619,111.87
1779965012.107354130,1980,2619,116.31
1779965012.380483510,1980,2619,118.77
1779965012.653952836,1980,2619,118.65
1779965012.927064686,1980,2619,118.16
1779965013.199736513,1980,2619,117.76
1779965013.472318536,465,2619,117.30
1779965013.749118238,420,2619,104.43
1779965014.025727110,390,2619,90.93
1779965014.302619908,345,2619,77.76
1779965014.579241299,345,2619,70.24
1779965014.856091021,345,2619,70.05
1779965015.132805042,345,2619,69.62
1779965015.409998091,345,2619,69.15
1779965015.687270913,345,2619,68.90
1779965015.964008441,345,2619,68.92
1779965016.241040046,345,2619,69.13
1779965016.518242936,345,2619,69.55
1779965016.794763694,345,2619,69.91
1779965017.071727761,345,2619,70.03
1779965017.348503859,345,2619,69.73
1779965017.625025082,345,2619,69.23
1779965017.902011894,345,2619,68.88
1779965018.179268816,345,2619,68.81
1779965018.456092167,345,2619,68.97
1779965018.733556529,345,2619,69.29
1779965019.010784249,345,2619,69.71
1779965019.288305515,345,2619,69.96
1779965019.564855438,345,2619,69.80
1779965019.907506934,1980,2619,79.93
1779965020.182470596,1980,2619,92.39
1779965020.455922777,1980,2619,103.17
1779965020.729589678,1980,2619,113.87
1779965021.001773805,1980,2619,115.09
1779965021.277970331,1980,2619,116.85
1779965021.551730371,1980,2619,119.13
1779965021.825665796,1980,2619,120.49
1779965022.099715822,1980,2619,120.44
1779965022.373587904,1980,2619,119.93
1779965022.647522250,1980,2619,119.78
1779965022.920798462,1980,2619,119.84
1779965023.194449578,1980,2619,120.39
1779965023.467901559,1980,2619,120.34
1779965023.740618056,1980,2619,120.54
1779965024.013871560,1980,2619,123.59
1779965024.287420591,1980,2619,127.89
1779965024.561347892,1980,2619,132.32
1779965024.837507359,1980,2619,132.63
1779965025.110719763,1980,2619,128.99
1779965025.383896788,1980,2619,124.83
1779965025.656958932,1980,2619,121.74
1779965025.930231745,1980,2619,122.15
1779965026.203391882,1980,2619,122.32
1779965026.475016088,1980,2619,122.34
1779965026.748097684,1980,2619,122.02
1779965027.021518839,1980,2619,121.53
1779965027.294991550,1980,2619,121.65
1779965027.568174346,1980,2619,121.61
1779965027.840917520,1980,2619,121.72
1779965028.114036445,1980,2619,124.52
1779965028.389889714,1980,2619,128.92
1779965028.663854597,1980,2619,133.14
1779965028.937974838,1980,2619,137.28
1779965029.211806807,1980,2619,137.17
1779965029.485378559,1980,2619,136.62
1779965029.759209873,1980,2619,133.48
1779965030.033001633,1980,2619,129.21
1779965030.306418298,1980,2619,128.02
1779965030.580231463,1980,2619,128.31
1779965030.854378388,1980,2619,132.38
1779965031.128286264,1980,2619,136.61
1779965031.401435349,1980,2619,136.52
1779965031.675310187,1980,2619,136.33
1779965031.949354701,1980,2619,136.69
1779965032.223539506,1980,2619,135.97
1779965032.498586227,1980,2619,135.96
1779965032.772647545,1980,2619,136.12
1779965033.046625652,1980,2619,137.09
1779965033.320462700,1980,2619,137.75
1779965033.596537021,1980,2619,137.57
1779965033.870648676,1980,2619,137.29
1779965034.144968535,1980,2619,136.88
1779965034.418814127,1980,2619,139.12
1779965034.692792964,1980,2619,133.08
1779965034.966727597,1980,2619,127.65
