ID,Kernel,Category,Description,Speedup,Impact,Priority,Status,Est Days,Start Date,End Date,Notes
P1,Ballistics,Physics,Projectile trajectory prediction,1200x,🔥🔥🔥🔥🔥,DONE,✅ DONE,-,-,2026-01-12,v15.5 3mm accuracy
P2,Hitbox Detection,Physics,Ray-skeleton collision,172x,🔥🔥🔥🔥🔥,DONE,✅ DONE,-,-,2026-01-12,v2.2 99.7% accuracy
AI1,Visibility/LOS,AI,Can entity A see entity B,200x,🔥🔥🔥🔥🔥,1,⬜ TODO,3-4,,,Foundation for many systems
AI2,Spawn Selection,AI,Safe spawn point finding,500x,🔥🔥🔥🔥🔥,2,⬜ TODO,2-3,,,Fixes #3 player complaint
A1,Sound Propagation,Audio,Sound occlusion + reflection,100x,🔥🔥🔥🔥🔥,3,⬜ TODO,3-4,,,Fixes #1 player complaint
P3,Penetration,Physics,Through-material damage calc,200x,🔥🔥🔥🔥,4,⬜ TODO,2-3,,,Wallbangs
P4,Explosion Radial,Physics,Blast damage with cover check,150x,🔥🔥🔥🔥,5,⬜ TODO,3-4,,,Grenades killstreaks
N1,Player Prediction,Network,Lag compensation prediction,50x,🔥🔥🔥🔥🔥,6,⬜ TODO,4-5,,,Fixes #2 player complaint
M2,Anti-Cheat,Meta,Behavior anomaly detection,N/A,🔥🔥🔥🔥🔥,7,⬜ TODO,5-7,,,Security critical
P7,Destruction,Physics,Structural fracture patterns,100x,🔥🔥🔥🔥🔥,8,⬜ TODO,5-7,,,Marketing differentiator
AN1,Inverse Kinematics,Animation,Foot/hand placement,100x,🔥🔥🔥🔥,9,⬜ TODO,3-4,,,Movement quality
R1,Global Illumination,Rendering,Indirect bounce lighting,20x,🔥🔥🔥🔥🔥,10,⬜ TODO,7-10,,,Next-gen graphics
P5,Ricochet,Physics,Bullet reflection physics,100x,🔥🔥🔥,11,⬜ TODO,2-3,,,Angle-based bouncing
P6,Ragdoll,Physics,Death physics prediction,50x,🔥🔥🔥,12,⬜ TODO,3-4,,,Skeleton simulation
P8,Vehicle Dynamics,Physics,Car/tank/heli physics,50x,🔥🔥🔥,13,⬜ TODO,4-5,,,Warzone vehicles
P9,Water/Fluid,Physics,Swimming water interaction,30x,🔥🔥,14,⬜ TODO,3-4,,,Limited use
P10,Cloth/Soft Body,Physics,Flags capes gear physics,40x,🔥🔥,15,⬜ TODO,3-4,,,Visual polish
P11,Debris/Particles,Physics,Explosion chunks sparks,100x,🔥🔥🔥,16,⬜ TODO,2-3,,,Visual density
P12,Collision Prediction,Physics,Future collision detection,80x,🔥🔥🔥,17,⬜ TODO,3-4,,,Movement planning
R2,Shadow Computation,Rendering,Cascaded soft shadows,30x,🔥🔥🔥,18,⬜ TODO,4-5,,,Quality + perf
R3,Reflection Probes,Rendering,SSR + environment maps,25x,🔥🔥🔥,19,⬜ TODO,4-5,,,Visual quality
R4,Occlusion Culling,Rendering,Visibility determination,50x,🔥🔥🔥,20,⬜ TODO,3-4,,,Render optimization
R5,LOD Selection,Rendering,Detail level per distance,40x,🔥🔥🔥,21,⬜ TODO,3-4,,,Perf optimization
R6,Volumetric Lighting,Rendering,God rays atmospheric fog,30x,🔥🔥,22,⬜ TODO,3-4,,,Visual polish
R7,Subsurface Scattering,Rendering,Skin/wax rendering,20x,🔥🔥,23,⬜ TODO,3-4,,,Character quality
R8,Terrain Rendering,Rendering,Heightmap optimization,35x,🔥🔥🔥,24,⬜ TODO,4-5,,,Large maps
R9,Weather Rendering,Rendering,Rain snow fog effects,25x,🔥🔥,25,⬜ TODO,3-4,,,Atmosphere
R10,Motion Blur/DOF,Rendering,Camera post effects,15x,🔥🔥,26,⬜ TODO,2-3,,,Cinematic feel
A2,Reverb Calculation,Audio,Room acoustics,50x,🔥🔥🔥,27,⬜ TODO,2-3,,,Audio immersion
A3,Spatial Mixing,Audio,3D audio positioning,40x,🔥🔥🔥,28,⬜ TODO,2-3,,,Directional audio
A4,Gunshot Echo,Audio,Distance-based echo,60x,🔥🔥🔥,29,⬜ TODO,2-3,,,Audio realism
A5,Footstep Detection,Audio,Surface material audio,80x,🔥🔥🔥,30,⬜ TODO,2-3,,,Competitive audio
A6,Voice Processing,Audio,Noise reduction radio FX,30x,🔥🔥,31,⬜ TODO,2-3,,,Comms quality
AI3,Pathfinding,AI,Navigation mesh queries,100x,🔥🔥🔥,32,⬜ TODO,4-5,,,AI movement
AI4,Bot Behavior,AI,Decision tree evaluation,50x,🔥🔥🔥,33,⬜ TODO,4-5,,,Bot quality
AI5,Threat Assessment,AI,Danger zone evaluation,80x,🔥🔥🔥,34,⬜ TODO,3-4,,,AI awareness
AI6,Cover Selection,AI,Optimal cover finding,100x,🔥🔥🔥,35,⬜ TODO,3-4,,,AI positioning
AI7,Squad Tactics,AI,Team coordination AI,40x,🔥🔥,36,⬜ TODO,4-5,,,Bot teamwork
AI8,Difficulty Scaling,AI,Adaptive AI adjustment,20x,🔥🔥,37,⬜ TODO,2-3,,,Experience tuning
AN2,Motion Matching,Animation,Animation selection,80x,🔥🔥🔥,38,⬜ TODO,4-5,,,Fluid animation
AN3,Procedural Animation,Animation,Recoil breathing sway,60x,🔥🔥🔥,39,⬜ TODO,3-4,,,Weapon feel
AN4,Facial Animation,Animation,Lip sync expressions,40x,🔥🔥,40,⬜ TODO,4-5,,,Campaign/cutscenes
AN5,Ragdoll Blending,Animation,Death transitions,50x,🔥🔥🔥,41,⬜ TODO,3-4,,,Smooth deaths
AN6,Crowd Animation,Animation,NPC variety,30x,🔥🔥,42,⬜ TODO,3-4,,,Background NPCs
N2,State Compression,Network,Bandwidth optimization,10x,🔥🔥🔥,43,⬜ TODO,3-4,,,Data efficiency
N3,Hit Validation,Network,Server-side hit verify,80x,🔥🔥🔥,44,⬜ TODO,3-4,,,Anti-cheat support
N4,Movement Interpolation,Network,Smooth remote players,40x,🔥🔥🔥,45,⬜ TODO,3-4,,,Visual smoothness
N5,Latency Estimation,Network,RTT prediction,30x,🔥🔥,46,⬜ TODO,2-3,,,Adaptive netcode
N6,Packet Loss Recovery,Network,State reconstruction,20x,🔥🔥,47,⬜ TODO,3-4,,,Connection stability
G1,Aim Assist,Gameplay,Controller assistance,30x,🔥🔥🔥,48,⬜ TODO,3-4,,,Console experience
G2,Recoil Prediction,Gameplay,Pattern learning,40x,🔥🔥🔥,49,⬜ TODO,2-3,,,Weapon control
G3,Weapon Sway,Gameplay,ADS movement patterns,30x,🔥🔥,50,⬜ TODO,2-3,,,Visual polish
G4,Killstreak Targeting,Gameplay,Airstrike placement,60x,🔥🔥🔥,51,⬜ TODO,3-4,,,Killstreak quality
G5,Tactical Equipment,Gameplay,Grenade arc physics,50x,🔥🔥🔥,52,⬜ TODO,2-3,,,Equipment feel
G6,Objective Logic,Gameplay,Flag/bomb state predict,20x,🔥🔥,53,⬜ TODO,2-3,,,Mode optimization
G7,Scoring Prediction,Gameplay,Point calculation,10x,🔥🔥,54,⬜ TODO,1-2,,,UI responsiveness
G8,Loadout Optimization,Gameplay,Build suggestions,15x,🔥🔥,55,⬜ TODO,2-3,,,Player guidance
M1,Matchmaking SBMM,Meta,Skill-based matching,Quality,🔥🔥🔥,56,⬜ TODO,4-5,,,#4 player complaint
M3,Team Balancing,Meta,Fair team composition,Quality,🔥🔥🔥,57,⬜ TODO,3-4,,,Match fairness
M4,Map Selection,Meta,Rotation optimization,Quality,🔥🔥,58,⬜ TODO,2-3,,,Variety
M5,Player Retention,Meta,Engagement prediction,Revenue,🔥🔥,59,⬜ TODO,3-4,,,Business metrics
M6,Toxicity Detection,Meta,Chat/voice moderation,Quality,🔥🔥,60,⬜ TODO,4-5,,,Community health
E1,Dynamic Weather,Environment,Storm/weather prediction,30x,🔥🔥,61,⬜ TODO,2-3,,,Atmosphere
E2,Time of Day,Environment,Lighting transitions,25x,🔥🔥,62,⬜ TODO,2-3,,,Visual variety
E3,Interactive Objects,Environment,Doors ladders ziplines,40x,🔥🔥🔥,63,⬜ TODO,3-4,,,World interaction
E4,Hazard Zones,Environment,Gas fire spread prediction,50x,🔥🔥🔥,64,⬜ TODO,3-4,,,Warzone circles
