symbol,category,current_use_in_cipher,proposed_use_for_cipher,effort_estimate,workloads_benefited,priority
nvmlComputeInstanceDestroy,UNUSED-RELEVANT-A,,MIG management for Phase 5 density tier (50-60 tenants with hard isolation),1w,WL05 (multi-tenant),HIGH
nvmlComputeInstanceGetInfo,UNUSED-RELEVANT-A,,MIG management for Phase 5 density tier (50-60 tenants with hard isolation),1w,WL05 (multi-tenant),HIGH
nvmlComputeInstanceGetInfo_v2,UNUSED-RELEVANT-A,,MIG management for Phase 5 density tier (50-60 tenants with hard isolation),1w,WL05 (multi-tenant),HIGH
nvmlDeviceClearAccountingPids,UNUSED-RELEVANT-B,,NVML accounting overlaps with cipher_kmod per-PID counters,,,LOW
nvmlDeviceClearCpuAffinity,UNUSED-RELEVANT-B,,NUMA / topology hints; multi-GPU mostly,,,LOW
nvmlDeviceClearEccErrorCounts,UNUSED-RELEVANT-B,,ECC/retired-page telemetry for PULSE op refinement,4h,,LOW
nvmlDeviceClearFieldValues,UNUSED-RELEVANT-B,,version variant; check base nvmlDeviceClearFieldValues,,,LOW
nvmlDeviceCreateGpuInstance,UNUSED-RELEVANT-A,,MIG management for Phase 5 density tier (50-60 tenants with hard isolation),1w,WL05 (multi-tenant),HIGH
nvmlDeviceCreateGpuInstanceWithPlacement,UNUSED-RELEVANT-A,,MIG management for Phase 5 density tier (50-60 tenants with hard isolation),1w,WL05 (multi-tenant),HIGH
nvmlDeviceGetAPIRestriction,UNCERTAIN-NEEDS-DOC-LOOKUP,,needs NVML docs,,,
nvmlDeviceGetAccountingBufferSize,UNUSED-RELEVANT-B,,NVML accounting overlaps with cipher_kmod per-PID counters,,,LOW
nvmlDeviceGetAccountingMode,UNUSED-RELEVANT-B,,NVML accounting overlaps with cipher_kmod per-PID counters,,,LOW
nvmlDeviceGetAccountingPids,UNUSED-RELEVANT-B,,NVML accounting overlaps with cipher_kmod per-PID counters,,,LOW
nvmlDeviceGetAccountingStats,UNUSED-RELEVANT-B,,NVML accounting overlaps with cipher_kmod per-PID counters,,,LOW
nvmlDeviceGetActiveVgpus,UNUSED-IRRELEVANT,,vGPU virtualization (Citrix/VMware); not applicable to bare-metal/container,,,
nvmlDeviceGetAdaptiveClockInfoStatus,UNCERTAIN-NEEDS-DOC-LOOKUP,,needs NVML docs,,,
nvmlDeviceGetApplicationsClock,UNCERTAIN-NEEDS-DOC-LOOKUP,,needs NVML docs,,,
nvmlDeviceGetArchitecture,UNCERTAIN-NEEDS-DOC-LOOKUP,,needs NVML docs,,,
nvmlDeviceGetAttributes,UNCERTAIN-NEEDS-DOC-LOOKUP,,needs NVML docs,,,
nvmlDeviceGetAttributes_v2,UNUSED-RELEVANT-B,,version variant; check base nvmlDeviceGetAttributes,,,LOW
nvmlDeviceGetAutoBoostedClocksEnabled,UNCERTAIN-NEEDS-DOC-LOOKUP,,needs NVML docs,,,
nvmlDeviceGetBAR1MemoryInfo,UNCERTAIN-NEEDS-DOC-LOOKUP,,needs NVML docs,,,
nvmlDeviceGetBoardId,UNUSED-IRRELEVANT,,hardware introspection (board-level),,,
nvmlDeviceGetBoardPartNumber,UNCERTAIN-NEEDS-DOC-LOOKUP,,needs NVML docs,,,
nvmlDeviceGetBrand,UNCERTAIN-NEEDS-DOC-LOOKUP,,needs NVML docs,,,
nvmlDeviceGetBridgeChipInfo,UNCERTAIN-NEEDS-DOC-LOOKUP,,needs NVML docs,,,
nvmlDeviceGetBusType,UNCERTAIN-NEEDS-DOC-LOOKUP,,needs NVML docs,,,
nvmlDeviceGetC2cModeInfoV,UNCERTAIN-NEEDS-DOC-LOOKUP,,needs NVML docs,,,
nvmlDeviceGetCapabilities,UNCERTAIN-NEEDS-DOC-LOOKUP,,needs NVML docs,,,
nvmlDeviceGetClkMonStatus,UNCERTAIN-NEEDS-DOC-LOOKUP,,needs NVML docs,,,
nvmlDeviceGetClock,UNCERTAIN-NEEDS-DOC-LOOKUP,,needs NVML docs,,,
nvmlDeviceGetClockInfo,USED,cipher_volt / hibernate / gpustate,,,,
nvmlDeviceGetClockOffsets,UNCERTAIN-NEEDS-DOC-LOOKUP,,needs NVML docs,,,
nvmlDeviceGetComputeInstanceId,UNUSED-RELEVANT-A,,MIG management for Phase 5 density tier (50-60 tenants with hard isolation),1w,WL05 (multi-tenant),HIGH
nvmlDeviceGetComputeMode,UNUSED-IRRELEVANT,,EXCLUSIVE_PROCESS blocks multi-tenant; not applicable,,,
nvmlDeviceGetComputeRunningProcesses,UNCERTAIN-NEEDS-DOC-LOOKUP,,needs NVML docs,,,
nvmlDeviceGetComputeRunningProcesses_v2,UNUSED-RELEVANT-B,,version variant; check base nvmlDeviceGetComputeRunningProcesses,,,LOW
nvmlDeviceGetComputeRunningProcesses_v3,UNUSED-RELEVANT-B,,version variant; check base nvmlDeviceGetComputeRunningProcesses,,,LOW
nvmlDeviceGetConfComputeGpuAttestationReport,UNCERTAIN-NEEDS-DOC-LOOKUP,,needs NVML docs,,,
nvmlDeviceGetConfComputeGpuCertificate,UNCERTAIN-NEEDS-DOC-LOOKUP,,needs NVML docs,,,
nvmlDeviceGetConfComputeMemSizeInfo,UNCERTAIN-NEEDS-DOC-LOOKUP,,needs NVML docs,,,
nvmlDeviceGetConfComputeProtectedMemoryUsage,UNCERTAIN-NEEDS-DOC-LOOKUP,,needs NVML docs,,,
nvmlDeviceGetCoolerInfo,UNCERTAIN-NEEDS-DOC-LOOKUP,,needs NVML docs,,,
nvmlDeviceGetCount,UNCERTAIN-NEEDS-DOC-LOOKUP,,needs NVML docs,,,
nvmlDeviceGetCount_v2,UNUSED-RELEVANT-B,,version variant; check base nvmlDeviceGetCount,,,LOW
nvmlDeviceGetCpuAffinity,UNUSED-RELEVANT-B,,NUMA / topology hints; multi-GPU mostly,,,LOW
nvmlDeviceGetCpuAffinityWithinScope,UNUSED-RELEVANT-B,,NUMA / topology hints; multi-GPU mostly,,,LOW
nvmlDeviceGetCreatableVgpus,UNUSED-IRRELEVANT,,vGPU virtualization (Citrix/VMware); not applicable to bare-metal/container,,,
nvmlDeviceGetCudaComputeCapability,UNCERTAIN-NEEDS-DOC-LOOKUP,,needs NVML docs,,,
nvmlDeviceGetCurrPcieLinkGeneration,UNCERTAIN-NEEDS-DOC-LOOKUP,,needs NVML docs,,,
nvmlDeviceGetCurrPcieLinkWidth,UNCERTAIN-NEEDS-DOC-LOOKUP,,needs NVML docs,,,
nvmlDeviceGetCurrentClockFreqs,UNCERTAIN-NEEDS-DOC-LOOKUP,,needs NVML docs,,,
nvmlDeviceGetCurrentClocksEventReasons,UNUSED-RELEVANT-A,,why clocks are throttled — informs SENSE/THERMOSTAT band decisions,4h,WL05,HIGH
nvmlDeviceGetCurrentClocksThrottleReasons,UNUSED-RELEVANT-A,,why clocks are throttled — informs SENSE/THERMOSTAT band decisions,4h,WL05,HIGH
nvmlDeviceGetDecoderUtilization,UNUSED-IRRELEVANT,,NVENC/NVDEC video codec — not in WL01-WL24,,,
nvmlDeviceGetDefaultApplicationsClock,UNCERTAIN-NEEDS-DOC-LOOKUP,,needs NVML docs,,,
nvmlDeviceGetDefaultEccMode,UNUSED-RELEVANT-B,,ECC/retired-page telemetry for PULSE op refinement,4h,,LOW
nvmlDeviceGetDetailedEccErrors,UNUSED-RELEVANT-B,,ECC/retired-page telemetry for PULSE op refinement,4h,,LOW
nvmlDeviceGetDeviceHandleFromMigDeviceHandle,UNCERTAIN-NEEDS-DOC-LOOKUP,,needs NVML docs,,,
nvmlDeviceGetDisplayActive,UNCERTAIN-NEEDS-DOC-LOOKUP,,needs NVML docs,,,
nvmlDeviceGetDisplayMode,UNCERTAIN-NEEDS-DOC-LOOKUP,,needs NVML docs,,,
nvmlDeviceGetDramEncryptionMode,UNCERTAIN-NEEDS-DOC-LOOKUP,,needs NVML docs,,,
nvmlDeviceGetDriverModel,UNCERTAIN-NEEDS-DOC-LOOKUP,,needs NVML docs,,,
nvmlDeviceGetDriverModel_v2,UNUSED-RELEVANT-B,,version variant; check base nvmlDeviceGetDriverModel,,,LOW
nvmlDeviceGetDynamicPstatesInfo,UNUSED-RELEVANT-B,,P-state diagnostics; complements VOLT/HIBERNATE,4h,,LOW
nvmlDeviceGetEccMode,UNUSED-RELEVANT-B,,ECC/retired-page telemetry for PULSE op refinement,4h,,LOW
nvmlDeviceGetEncoderSessions,UNUSED-IRRELEVANT,,NVENC/NVDEC video codec — not in WL01-WL24,,,
nvmlDeviceGetEncoderUtilization,UNUSED-IRRELEVANT,,NVENC/NVDEC video codec — not in WL01-WL24,,,
nvmlDeviceGetEnforcedPowerLimit,USED,cipher_volt / hibernate / gpustate,,,,
nvmlDeviceGetFBCSessions,UNCERTAIN-NEEDS-DOC-LOOKUP,,needs NVML docs,,,
nvmlDeviceGetFBCStats,UNCERTAIN-NEEDS-DOC-LOOKUP,,needs NVML docs,,,
nvmlDeviceGetFanControlPolicy_v2,UNUSED-RELEVANT-B,,version variant; check base nvmlDeviceGetFanControlPolicy,,,LOW
nvmlDeviceGetFanSpeed,UNCERTAIN-NEEDS-DOC-LOOKUP,,needs NVML docs,,,
nvmlDeviceGetFanSpeedRPM,UNCERTAIN-NEEDS-DOC-LOOKUP,,needs NVML docs,,,
nvmlDeviceGetFanSpeed_v2,UNUSED-RELEVANT-B,,version variant; check base nvmlDeviceGetFanSpeed,,,LOW
nvmlDeviceGetFieldValues,UNUSED-RELEVANT-B,,version variant; check base nvmlDeviceGetFieldValues,,,LOW
nvmlDeviceGetGpcClkMinMaxVfOffset,UNCERTAIN-NEEDS-DOC-LOOKUP,,needs NVML docs,,,
nvmlDeviceGetGpcClkVfOffset,USED,cipher_volt / hibernate / gpustate,,,,
nvmlDeviceGetGpuFabricInfo,UNCERTAIN-NEEDS-DOC-LOOKUP,,needs NVML docs,,,
nvmlDeviceGetGpuFabricInfoV,UNCERTAIN-NEEDS-DOC-LOOKUP,,needs NVML docs,,,
nvmlDeviceGetGpuInstanceById,UNUSED-RELEVANT-A,,MIG management for Phase 5 density tier (50-60 tenants with hard isolation),1w,WL05 (multi-tenant),HIGH
nvmlDeviceGetGpuInstanceId,UNUSED-RELEVANT-A,,MIG management for Phase 5 density tier (50-60 tenants with hard isolation),1w,WL05 (multi-tenant),HIGH
nvmlDeviceGetGpuInstancePossiblePlacements,UNUSED-RELEVANT-A,,MIG management for Phase 5 density tier (50-60 tenants with hard isolation),1w,WL05 (multi-tenant),HIGH
nvmlDeviceGetGpuInstancePossiblePlacements_v2,UNUSED-RELEVANT-A,,MIG management for Phase 5 density tier (50-60 tenants with hard isolation),1w,WL05 (multi-tenant),HIGH
nvmlDeviceGetGpuInstanceProfileInfo,UNUSED-RELEVANT-A,,MIG management for Phase 5 density tier (50-60 tenants with hard isolation),1w,WL05 (multi-tenant),HIGH
nvmlDeviceGetGpuInstanceProfileInfoV,UNUSED-RELEVANT-A,,MIG management for Phase 5 density tier (50-60 tenants with hard isolation),1w,WL05 (multi-tenant),HIGH
nvmlDeviceGetGpuInstanceRemainingCapacity,UNUSED-RELEVANT-A,,MIG management for Phase 5 density tier (50-60 tenants with hard isolation),1w,WL05 (multi-tenant),HIGH
nvmlDeviceGetGpuInstances,UNUSED-RELEVANT-A,,MIG management for Phase 5 density tier (50-60 tenants with hard isolation),1w,WL05 (multi-tenant),HIGH
nvmlDeviceGetGpuMaxPcieLinkGeneration,UNCERTAIN-NEEDS-DOC-LOOKUP,,needs NVML docs,,,
nvmlDeviceGetGpuOperationMode,UNUSED-RELEVANT-A,,GpuOperationMode COMPUTE — disables display tax for headless serving,4h,all,HIGH
nvmlDeviceGetGraphicsRunningProcesses,UNUSED-RELEVANT-B,,enumerate compute clients (alternative to current GetProcessUtilization),1d,,LOW
nvmlDeviceGetGraphicsRunningProcesses_v2,UNUSED-RELEVANT-B,,enumerate compute clients (alternative to current GetProcessUtilization),1d,,LOW
nvmlDeviceGetGraphicsRunningProcesses_v3,UNUSED-RELEVANT-B,,enumerate compute clients (alternative to current GetProcessUtilization),1d,,LOW
nvmlDeviceGetGridLicensableFeatures,UNCERTAIN-NEEDS-DOC-LOOKUP,,needs NVML docs,,,
nvmlDeviceGetGridLicensableFeatures_v2,UNUSED-RELEVANT-B,,version variant; check base nvmlDeviceGetGridLicensableFeatures,,,LOW
nvmlDeviceGetGridLicensableFeatures_v3,UNUSED-RELEVANT-B,,version variant; check base nvmlDeviceGetGridLicensableFeatures,,,LOW
nvmlDeviceGetGridLicensableFeatures_v4,UNCERTAIN-NEEDS-DOC-LOOKUP,,needs NVML docs,,,
nvmlDeviceGetGspFirmwareMode,UNUSED-IRRELEVANT,,specialty,,,
nvmlDeviceGetGspFirmwareVersion,UNUSED-IRRELEVANT,,specialty,,,
nvmlDeviceGetHandleByIndex,USED,cipher_volt / hibernate / gpustate,,,,
nvmlDeviceGetHandleByIndex_v2,USED,cipher_volt / hibernate / gpustate,,,,
nvmlDeviceGetHandleByPciBusId,UNCERTAIN-NEEDS-DOC-LOOKUP,,needs NVML docs,,,
nvmlDeviceGetHandleByPciBusId_v2,UNUSED-RELEVANT-B,,version variant; check base nvmlDeviceGetHandleByPciBusId,,,LOW
nvmlDeviceGetHandleBySerial,UNCERTAIN-NEEDS-DOC-LOOKUP,,needs NVML docs,,,
nvmlDeviceGetHandleByUUID,UNCERTAIN-NEEDS-DOC-LOOKUP,,needs NVML docs,,,
nvmlDeviceGetHostVgpuMode,UNUSED-IRRELEVANT,,vGPU virtualization (Citrix/VMware); not applicable to bare-metal/container,,,
nvmlDeviceGetIndex,UNCERTAIN-NEEDS-DOC-LOOKUP,,needs NVML docs,,,
nvmlDeviceGetInforomConfigurationChecksum,UNUSED-IRRELEVANT,,hardware introspection (board-level),,,
nvmlDeviceGetInforomImageVersion,UNUSED-IRRELEVANT,,hardware introspection (board-level),,,
nvmlDeviceGetInforomVersion,UNUSED-IRRELEVANT,,hardware introspection (board-level),,,
nvmlDeviceGetIrqNum,UNCERTAIN-NEEDS-DOC-LOOKUP,,needs NVML docs,,,
nvmlDeviceGetJpgUtilization,UNCERTAIN-NEEDS-DOC-LOOKUP,,needs NVML docs,,,
nvmlDeviceGetLastBBXFlushTime,UNCERTAIN-NEEDS-DOC-LOOKUP,,needs NVML docs,,,
nvmlDeviceGetMPSComputeRunningProcesses,UNCERTAIN-NEEDS-DOC-LOOKUP,,needs NVML docs,,,
nvmlDeviceGetMPSComputeRunningProcesses_v2,UNUSED-RELEVANT-B,,version variant; check base nvmlDeviceGetMPSComputeRunningProcesses,,,LOW
nvmlDeviceGetMPSComputeRunningProcesses_v3,UNUSED-RELEVANT-B,,version variant; check base nvmlDeviceGetMPSComputeRunningProcesses,,,LOW
nvmlDeviceGetMarginTemperature,UNCERTAIN-NEEDS-DOC-LOOKUP,,needs NVML docs,,,
nvmlDeviceGetMaxClockInfo,UNCERTAIN-NEEDS-DOC-LOOKUP,,needs NVML docs,,,
nvmlDeviceGetMaxCustomerBoostClock,UNCERTAIN-NEEDS-DOC-LOOKUP,,needs NVML docs,,,
nvmlDeviceGetMaxMigDeviceCount,UNCERTAIN-NEEDS-DOC-LOOKUP,,needs NVML docs,,,
nvmlDeviceGetMaxPcieLinkGeneration,UNCERTAIN-NEEDS-DOC-LOOKUP,,needs NVML docs,,,
nvmlDeviceGetMaxPcieLinkWidth,UNCERTAIN-NEEDS-DOC-LOOKUP,,needs NVML docs,,,
nvmlDeviceGetMemClkMinMaxVfOffset,UNCERTAIN-NEEDS-DOC-LOOKUP,,needs NVML docs,,,
nvmlDeviceGetMemClkVfOffset,UNCERTAIN-NEEDS-DOC-LOOKUP,,needs NVML docs,,,
nvmlDeviceGetMemoryAffinity,UNCERTAIN-NEEDS-DOC-LOOKUP,,needs NVML docs,,,
nvmlDeviceGetMemoryBusWidth,UNCERTAIN-NEEDS-DOC-LOOKUP,,needs NVML docs,,,
nvmlDeviceGetMemoryErrorCounter,USED,cipher_volt / hibernate / gpustate,,,,
nvmlDeviceGetMemoryInfo,UNCERTAIN-NEEDS-DOC-LOOKUP,,needs NVML docs,,,
nvmlDeviceGetMemoryInfo_v2,UNUSED-RELEVANT-B,,version variant; check base nvmlDeviceGetMemoryInfo,,,LOW
nvmlDeviceGetMigDeviceHandleByIndex,UNCERTAIN-NEEDS-DOC-LOOKUP,,needs NVML docs,,,
nvmlDeviceGetMigMode,UNUSED-RELEVANT-A,,MIG management for Phase 5 density tier (50-60 tenants with hard isolation),1w,WL05 (multi-tenant),HIGH
nvmlDeviceGetMinMaxClockOfPState,UNUSED-RELEVANT-B,,P-state diagnostics; complements VOLT/HIBERNATE,4h,,LOW
nvmlDeviceGetMinMaxFanSpeed,UNCERTAIN-NEEDS-DOC-LOOKUP,,needs NVML docs,,,
nvmlDeviceGetMinorNumber,UNCERTAIN-NEEDS-DOC-LOOKUP,,needs NVML docs,,,
nvmlDeviceGetModuleId,UNCERTAIN-NEEDS-DOC-LOOKUP,,needs NVML docs,,,
nvmlDeviceGetMultiGpuBoard,UNCERTAIN-NEEDS-DOC-LOOKUP,,needs NVML docs,,,
nvmlDeviceGetName,UNCERTAIN-NEEDS-DOC-LOOKUP,,needs NVML docs,,,
nvmlDeviceGetNumFans,UNCERTAIN-NEEDS-DOC-LOOKUP,,needs NVML docs,,,
nvmlDeviceGetNumGpuCores,UNCERTAIN-NEEDS-DOC-LOOKUP,,needs NVML docs,,,
nvmlDeviceGetNumaNodeId,UNCERTAIN-NEEDS-DOC-LOOKUP,,needs NVML docs,,,
nvmlDeviceGetNvLinkCapability,UNUSED-RELEVANT-B,,NVLink topology/bandwidth (multi-GPU WL18 only),1d,WL18,MEDIUM
nvmlDeviceGetNvLinkErrorCounter,UNUSED-RELEVANT-B,,NVLink topology/bandwidth (multi-GPU WL18 only),1d,WL18,MEDIUM
nvmlDeviceGetNvLinkRemoteDeviceType,UNUSED-RELEVANT-B,,NVLink topology/bandwidth (multi-GPU WL18 only),1d,WL18,MEDIUM
nvmlDeviceGetNvLinkRemotePciInfo,UNUSED-RELEVANT-B,,NVLink topology/bandwidth (multi-GPU WL18 only),1d,WL18,MEDIUM
nvmlDeviceGetNvLinkRemotePciInfo_v2,UNUSED-RELEVANT-B,,NVLink topology/bandwidth (multi-GPU WL18 only),1d,WL18,MEDIUM
nvmlDeviceGetNvLinkState,UNUSED-RELEVANT-B,,NVLink topology/bandwidth (multi-GPU WL18 only),1d,WL18,MEDIUM
nvmlDeviceGetNvLinkUtilizationControl,UNUSED-RELEVANT-B,,NVLink topology/bandwidth (multi-GPU WL18 only),1d,WL18,MEDIUM
nvmlDeviceGetNvLinkUtilizationCounter,UNUSED-RELEVANT-B,,NVLink topology/bandwidth (multi-GPU WL18 only),1d,WL18,MEDIUM
nvmlDeviceGetNvLinkVersion,UNUSED-RELEVANT-B,,NVLink topology/bandwidth (multi-GPU WL18 only),1d,WL18,MEDIUM
nvmlDeviceGetNvlinkBwMode,UNCERTAIN-NEEDS-DOC-LOOKUP,,needs NVML docs,,,
nvmlDeviceGetNvlinkSupportedBwModes,UNCERTAIN-NEEDS-DOC-LOOKUP,,needs NVML docs,,,
nvmlDeviceGetOfaUtilization,UNCERTAIN-NEEDS-DOC-LOOKUP,,needs NVML docs,,,
nvmlDeviceGetP2PStatus,UNCERTAIN-NEEDS-DOC-LOOKUP,,needs NVML docs,,,
nvmlDeviceGetPciInfo,UNCERTAIN-NEEDS-DOC-LOOKUP,,needs NVML docs,,,
nvmlDeviceGetPciInfoExt,UNCERTAIN-NEEDS-DOC-LOOKUP,,needs NVML docs,,,
nvmlDeviceGetPciInfo_v2,UNUSED-RELEVANT-B,,version variant; check base nvmlDeviceGetPciInfo,,,LOW
nvmlDeviceGetPciInfo_v3,UNUSED-RELEVANT-B,,version variant; check base nvmlDeviceGetPciInfo,,,LOW
nvmlDeviceGetPcieLinkMaxSpeed,UNCERTAIN-NEEDS-DOC-LOOKUP,,needs NVML docs,,,
nvmlDeviceGetPcieReplayCounter,UNCERTAIN-NEEDS-DOC-LOOKUP,,needs NVML docs,,,
nvmlDeviceGetPcieSpeed,UNCERTAIN-NEEDS-DOC-LOOKUP,,needs NVML docs,,,
nvmlDeviceGetPcieThroughput,UNCERTAIN-NEEDS-DOC-LOOKUP,,needs NVML docs,,,
nvmlDeviceGetPerformanceModes,UNCERTAIN-NEEDS-DOC-LOOKUP,,needs NVML docs,,,
nvmlDeviceGetPerformanceState,UNUSED-RELEVANT-B,,P-state diagnostics; complements VOLT/HIBERNATE,4h,,LOW
nvmlDeviceGetPersistenceMode,UNUSED-RELEVANT-B,,reduces context-create latency; useful for cold-start tenants,4h,all,MEDIUM
nvmlDeviceGetPgpuMetadataString,UNCERTAIN-NEEDS-DOC-LOOKUP,,needs NVML docs,,,
nvmlDeviceGetPlatformInfo,UNCERTAIN-NEEDS-DOC-LOOKUP,,needs NVML docs,,,
nvmlDeviceGetPowerManagementDefaultLimit,UNCERTAIN-NEEDS-DOC-LOOKUP,,needs NVML docs,,,
nvmlDeviceGetPowerManagementLimit,USED,cipher_volt / hibernate / gpustate,,,,
nvmlDeviceGetPowerManagementLimitConstraints,USED,cipher_volt / hibernate / gpustate,,,,
nvmlDeviceGetPowerManagementMode,UNCERTAIN-NEEDS-DOC-LOOKUP,,needs NVML docs,,,
nvmlDeviceGetPowerSource,UNCERTAIN-NEEDS-DOC-LOOKUP,,needs NVML docs,,,
nvmlDeviceGetPowerState,UNUSED-RELEVANT-B,,P-state diagnostics; complements VOLT/HIBERNATE,4h,,LOW
nvmlDeviceGetPowerUsage,USED,cipher_volt / hibernate / gpustate,,,,
nvmlDeviceGetProcessUtilization,USED,cipher-gpustate daemon,,,,
nvmlDeviceGetProcessesUtilizationInfo,USED,cipher-gpustate daemon,,,,
nvmlDeviceGetRemappedRows,UNCERTAIN-NEEDS-DOC-LOOKUP,,needs NVML docs,,,
nvmlDeviceGetRetiredPages,UNUSED-RELEVANT-B,,ECC/retired-page telemetry for PULSE op refinement,4h,,LOW
nvmlDeviceGetRetiredPagesPendingStatus,UNUSED-RELEVANT-B,,ECC/retired-page telemetry for PULSE op refinement,4h,,LOW
nvmlDeviceGetRetiredPages_v2,UNUSED-RELEVANT-B,,ECC/retired-page telemetry for PULSE op refinement,4h,,LOW
nvmlDeviceGetRowRemapperHistogram,UNCERTAIN-NEEDS-DOC-LOOKUP,,needs NVML docs,,,
nvmlDeviceGetRunningProcessDetailList,UNCERTAIN-NEEDS-DOC-LOOKUP,,needs NVML docs,,,
nvmlDeviceGetSamples,UNUSED-RELEVANT-B,,historical telemetry samples,,,LOW
nvmlDeviceGetSerial,UNCERTAIN-NEEDS-DOC-LOOKUP,,needs NVML docs,,,
nvmlDeviceGetSramEccErrorStatus,UNUSED-RELEVANT-B,,ECC/retired-page telemetry for PULSE op refinement,4h,,LOW
nvmlDeviceGetSupportedClocksEventReasons,UNUSED-RELEVANT-A,,why clocks are throttled — informs SENSE/THERMOSTAT band decisions,4h,WL05,HIGH
nvmlDeviceGetSupportedClocksThrottleReasons,UNUSED-RELEVANT-A,,why clocks are throttled — informs SENSE/THERMOSTAT band decisions,4h,WL05,HIGH
nvmlDeviceGetSupportedEventTypes,UNCERTAIN-NEEDS-DOC-LOOKUP,,needs NVML docs,,,
nvmlDeviceGetSupportedGraphicsClocks,UNCERTAIN-NEEDS-DOC-LOOKUP,,needs NVML docs,,,
nvmlDeviceGetSupportedMemoryClocks,UNCERTAIN-NEEDS-DOC-LOOKUP,,needs NVML docs,,,
nvmlDeviceGetSupportedPerformanceStates,UNUSED-RELEVANT-B,,P-state diagnostics; complements VOLT/HIBERNATE,4h,,LOW
nvmlDeviceGetSupportedVgpus,UNUSED-IRRELEVANT,,vGPU virtualization (Citrix/VMware); not applicable to bare-metal/container,,,
nvmlDeviceGetTargetFanSpeed,UNCERTAIN-NEEDS-DOC-LOOKUP,,needs NVML docs,,,
nvmlDeviceGetTemperature,USED,cipher_volt / hibernate / gpustate,,,,
nvmlDeviceGetTemperatureThreshold,UNCERTAIN-NEEDS-DOC-LOOKUP,,needs NVML docs,,,
nvmlDeviceGetTemperatureV,UNCERTAIN-NEEDS-DOC-LOOKUP,,needs NVML docs,,,
nvmlDeviceGetThermalSettings,UNCERTAIN-NEEDS-DOC-LOOKUP,,needs NVML docs,,,
nvmlDeviceGetTopologyCommonAncestor,UNUSED-RELEVANT-B,,NUMA / topology hints; multi-GPU mostly,,,LOW
nvmlDeviceGetTopologyNearestGpus,UNUSED-RELEVANT-B,,NUMA / topology hints; multi-GPU mostly,,,LOW
nvmlDeviceGetTotalEccErrors,UNUSED-RELEVANT-B,,ECC/retired-page telemetry for PULSE op refinement,4h,,LOW
nvmlDeviceGetTotalEnergyConsumption,UNCERTAIN-NEEDS-DOC-LOOKUP,,needs NVML docs,,,
nvmlDeviceGetUUID,UNCERTAIN-NEEDS-DOC-LOOKUP,,needs NVML docs,,,
nvmlDeviceGetUtilizationRates,USED,cipher_volt / hibernate / gpustate,,,,
nvmlDeviceGetVbiosVersion,UNUSED-IRRELEVANT,,hardware introspection (board-level),,,
nvmlDeviceGetVgpuCapabilities,UNUSED-IRRELEVANT,,vGPU virtualization (Citrix/VMware); not applicable to bare-metal/container,,,
nvmlDeviceGetVgpuHeterogeneousMode,UNUSED-IRRELEVANT,,vGPU virtualization (Citrix/VMware); not applicable to bare-metal/container,,,
nvmlDeviceGetVgpuInstancesUtilizationInfo,UNUSED-IRRELEVANT,,vGPU virtualization (Citrix/VMware); not applicable to bare-metal/container,,,
nvmlDeviceGetVgpuMetadata,UNUSED-IRRELEVANT,,vGPU virtualization (Citrix/VMware); not applicable to bare-metal/container,,,
nvmlDeviceGetVgpuProcessUtilization,USED,cipher-gpustate daemon,,,,
nvmlDeviceGetVgpuProcessesUtilizationInfo,USED,cipher-gpustate daemon,,,,
nvmlDeviceGetVgpuSchedulerCapabilities,UNUSED-IRRELEVANT,,vGPU virtualization (Citrix/VMware); not applicable to bare-metal/container,,,
nvmlDeviceGetVgpuSchedulerLog,UNUSED-IRRELEVANT,,vGPU virtualization (Citrix/VMware); not applicable to bare-metal/container,,,
nvmlDeviceGetVgpuSchedulerState,UNUSED-IRRELEVANT,,vGPU virtualization (Citrix/VMware); not applicable to bare-metal/container,,,
nvmlDeviceGetVgpuTypeCreatablePlacements,UNUSED-IRRELEVANT,,vGPU virtualization (Citrix/VMware); not applicable to bare-metal/container,,,
nvmlDeviceGetVgpuTypeSupportedPlacements,UNUSED-IRRELEVANT,,vGPU virtualization (Citrix/VMware); not applicable to bare-metal/container,,,
nvmlDeviceGetVgpuUtilization,UNUSED-IRRELEVANT,,vGPU virtualization (Citrix/VMware); not applicable to bare-metal/container,,,
nvmlDeviceGetViolationStatus,UNCERTAIN-NEEDS-DOC-LOOKUP,,needs NVML docs,,,
nvmlDeviceGetVirtualizationMode,UNCERTAIN-NEEDS-DOC-LOOKUP,,needs NVML docs,,,
nvmlDeviceIsMigDeviceHandle,UNCERTAIN-NEEDS-DOC-LOOKUP,,needs NVML docs,,,
nvmlDeviceOnSameBoard,UNCERTAIN-NEEDS-DOC-LOOKUP,,needs NVML docs,,,
nvmlDevicePowerSmoothingActivatePresetProfile,UNCERTAIN-NEEDS-DOC-LOOKUP,,needs NVML docs,,,
nvmlDevicePowerSmoothingUpdatePresetProfileParam,UNCERTAIN-NEEDS-DOC-LOOKUP,,needs NVML docs,,,
nvmlDeviceRegisterEvents,UNUSED-RELEVANT-A,,event-driven telemetry replaces 250ms NVML poll; lower latency and CPU,3d,all (daemon-side),HIGH
nvmlDeviceRemoveGpu,UNCERTAIN-NEEDS-DOC-LOOKUP,,needs NVML docs,,,
nvmlDeviceRemoveGpu_v2,UNUSED-RELEVANT-B,,version variant; check base nvmlDeviceRemoveGpu,,,LOW
nvmlDeviceResetApplicationsClocks,UNUSED-IRRELEVANT,,reset operations (full GPU reset etc.) — out of scope,,,
nvmlDeviceResetGpuLockedClocks,USED,cipher_volt / hibernate / gpustate,,,,
nvmlDeviceResetMemoryLockedClocks,UNUSED-RELEVANT-A,,"memory clock control — VOLT op for memory-bound tenants (WL01, WL13)",1d,"WL01,WL02,WL13",HIGH
nvmlDeviceResetNvLinkErrorCounters,UNUSED-RELEVANT-B,,NVLink topology/bandwidth (multi-GPU WL18 only),1d,WL18,MEDIUM
nvmlDeviceSetAPIRestriction,UNCERTAIN-NEEDS-DOC-LOOKUP,,needs NVML docs,,,
nvmlDeviceSetAccountingMode,UNUSED-RELEVANT-B,,NVML accounting overlaps with cipher_kmod per-PID counters,,,LOW
nvmlDeviceSetApplicationsClocks,UNCERTAIN-NEEDS-DOC-LOOKUP,,needs NVML docs,,,
nvmlDeviceSetAutoBoostedClocksEnabled,UNCERTAIN-NEEDS-DOC-LOOKUP,,needs NVML docs,,,
nvmlDeviceSetClockOffsets,UNCERTAIN-NEEDS-DOC-LOOKUP,,needs NVML docs,,,
nvmlDeviceSetComputeMode,UNUSED-IRRELEVANT,,EXCLUSIVE_PROCESS blocks multi-tenant; not applicable,,,
nvmlDeviceSetConfComputeUnprotectedMemSize,UNCERTAIN-NEEDS-DOC-LOOKUP,,needs NVML docs,,,
nvmlDeviceSetCpuAffinity,UNUSED-RELEVANT-B,,NUMA / topology hints; multi-GPU mostly,,,LOW
nvmlDeviceSetDefaultAutoBoostedClocksEnabled,UNCERTAIN-NEEDS-DOC-LOOKUP,,needs NVML docs,,,
nvmlDeviceSetDefaultFanSpeed_v2,UNUSED-RELEVANT-B,,version variant; check base nvmlDeviceSetDefaultFanSpeed,,,LOW
nvmlDeviceSetDramEncryptionMode,UNCERTAIN-NEEDS-DOC-LOOKUP,,needs NVML docs,,,
nvmlDeviceSetDriverModel,UNCERTAIN-NEEDS-DOC-LOOKUP,,needs NVML docs,,,
nvmlDeviceSetEccMode,UNUSED-RELEVANT-B,,ECC/retired-page telemetry for PULSE op refinement,4h,,LOW
nvmlDeviceSetFanControlPolicy,UNCERTAIN-NEEDS-DOC-LOOKUP,,needs NVML docs,,,
nvmlDeviceSetFanSpeed_v2,UNUSED-RELEVANT-B,,version variant; check base nvmlDeviceSetFanSpeed,,,LOW
nvmlDeviceSetGpcClkVfOffset,USED,cipher_volt / hibernate / gpustate,,,,
nvmlDeviceSetGpuLockedClocks,USED,cipher_volt / hibernate / gpustate,,,,
nvmlDeviceSetGpuOperationMode,UNUSED-RELEVANT-A,,GpuOperationMode COMPUTE — disables display tax for headless serving,4h,all,HIGH
nvmlDeviceSetMemClkVfOffset,UNCERTAIN-NEEDS-DOC-LOOKUP,,needs NVML docs,,,
nvmlDeviceSetMemoryLockedClocks,UNUSED-RELEVANT-A,,"memory clock control — VOLT op for memory-bound tenants (WL01, WL13)",1d,"WL01,WL02,WL13",HIGH
nvmlDeviceSetMigMode,UNUSED-RELEVANT-A,,MIG management for Phase 5 density tier (50-60 tenants with hard isolation),1w,WL05 (multi-tenant),HIGH
nvmlDeviceSetNvLinkDeviceLowPowerThreshold,UNUSED-RELEVANT-B,,NVLink topology/bandwidth (multi-GPU WL18 only),1d,WL18,MEDIUM
nvmlDeviceSetNvLinkUtilizationControl,UNUSED-RELEVANT-B,,NVLink topology/bandwidth (multi-GPU WL18 only),1d,WL18,MEDIUM
nvmlDeviceSetNvlinkBwMode,UNCERTAIN-NEEDS-DOC-LOOKUP,,needs NVML docs,,,
nvmlDeviceSetPersistenceMode,UNUSED-RELEVANT-B,,reduces context-create latency; useful for cold-start tenants,4h,all,MEDIUM
nvmlDeviceSetPowerManagementLimit,USED,cipher_volt / hibernate / gpustate,,,,
nvmlDeviceSetPowerManagementLimit_v2,UNUSED-RELEVANT-B,,additional power/clock control variants,4h,,LOW
nvmlDeviceSetTemperatureThreshold,UNCERTAIN-NEEDS-DOC-LOOKUP,,needs NVML docs,,,
nvmlDeviceSetVgpuCapabilities,UNUSED-IRRELEVANT,,vGPU virtualization (Citrix/VMware); not applicable to bare-metal/container,,,
nvmlDeviceSetVgpuHeterogeneousMode,UNUSED-IRRELEVANT,,vGPU virtualization (Citrix/VMware); not applicable to bare-metal/container,,,
nvmlDeviceSetVgpuSchedulerState,UNUSED-IRRELEVANT,,vGPU virtualization (Citrix/VMware); not applicable to bare-metal/container,,,
nvmlDeviceSetVirtualizationMode,UNCERTAIN-NEEDS-DOC-LOOKUP,,needs NVML docs,,,
nvmlDeviceValidateInforom,UNUSED-IRRELEVANT,,hardware introspection (board-level),,,
nvmlDeviceWorkloadPowerProfileClearRequestedProfiles,UNCERTAIN-NEEDS-DOC-LOOKUP,,needs NVML docs,,,
nvmlDeviceWorkloadPowerProfileGetCurrentProfiles,UNCERTAIN-NEEDS-DOC-LOOKUP,,needs NVML docs,,,
nvmlDeviceWorkloadPowerProfileGetProfilesInfo,UNCERTAIN-NEEDS-DOC-LOOKUP,,needs NVML docs,,,
nvmlDeviceWorkloadPowerProfileSetRequestedProfiles,UNCERTAIN-NEEDS-DOC-LOOKUP,,needs NVML docs,,,
nvmlEventSetCreate,UNUSED-RELEVANT-A,,event-driven telemetry replaces 250ms NVML poll; lower latency and CPU,3d,all (daemon-side),HIGH
nvmlEventSetFree,UNUSED-RELEVANT-A,,event-driven telemetry replaces 250ms NVML poll; lower latency and CPU,3d,all (daemon-side),HIGH
nvmlEventSetWait,UNUSED-RELEVANT-A,,event-driven telemetry replaces 250ms NVML poll; lower latency and CPU,3d,all (daemon-side),HIGH
nvmlEventSetWait_v2,UNUSED-RELEVANT-A,,event-driven telemetry replaces 250ms NVML poll; lower latency and CPU,3d,all (daemon-side),HIGH
nvmlGetExcludedDeviceCount,UNCERTAIN-NEEDS-DOC-LOOKUP,,needs NVML docs,,,
nvmlGetExcludedDeviceInfoByIndex,UNCERTAIN-NEEDS-DOC-LOOKUP,,needs NVML docs,,,
nvmlGetVgpuCompatibility,UNUSED-IRRELEVANT,,vGPU virtualization (Citrix/VMware); not applicable to bare-metal/container,,,
nvmlGetVgpuDriverCapabilities,UNUSED-IRRELEVANT,,vGPU virtualization (Citrix/VMware); not applicable to bare-metal/container,,,
nvmlGetVgpuVersion,UNUSED-IRRELEVANT,,vGPU virtualization (Citrix/VMware); not applicable to bare-metal/container,,,
nvmlGpmMetricsGet,UNCERTAIN-NEEDS-DOC-LOOKUP,,needs NVML docs,,,
nvmlGpmMigSampleGet,UNCERTAIN-NEEDS-DOC-LOOKUP,,needs NVML docs,,,
nvmlGpmQueryDeviceSupport,UNCERTAIN-NEEDS-DOC-LOOKUP,,needs NVML docs,,,
nvmlGpmQueryIfStreamingEnabled,UNCERTAIN-NEEDS-DOC-LOOKUP,,needs NVML docs,,,
nvmlGpmSampleAlloc,UNCERTAIN-NEEDS-DOC-LOOKUP,,needs NVML docs,,,
nvmlGpmSampleFree,UNCERTAIN-NEEDS-DOC-LOOKUP,,needs NVML docs,,,
nvmlGpmSampleGet,UNCERTAIN-NEEDS-DOC-LOOKUP,,needs NVML docs,,,
nvmlGpmSetStreamingEnabled,UNCERTAIN-NEEDS-DOC-LOOKUP,,needs NVML docs,,,
nvmlGpuInstanceCreateComputeInstance,UNUSED-RELEVANT-A,,MIG management for Phase 5 density tier (50-60 tenants with hard isolation),1w,WL05 (multi-tenant),HIGH
nvmlGpuInstanceCreateComputeInstanceWithPlacement,UNUSED-RELEVANT-A,,MIG management for Phase 5 density tier (50-60 tenants with hard isolation),1w,WL05 (multi-tenant),HIGH
nvmlGpuInstanceDestroy,UNUSED-RELEVANT-A,,MIG management for Phase 5 density tier (50-60 tenants with hard isolation),1w,WL05 (multi-tenant),HIGH
nvmlGpuInstanceGetComputeInstanceById,UNUSED-RELEVANT-A,,MIG management for Phase 5 density tier (50-60 tenants with hard isolation),1w,WL05 (multi-tenant),HIGH
nvmlGpuInstanceGetComputeInstancePossiblePlacements,UNUSED-RELEVANT-A,,MIG management for Phase 5 density tier (50-60 tenants with hard isolation),1w,WL05 (multi-tenant),HIGH
nvmlGpuInstanceGetComputeInstanceProfileInfo,UNUSED-RELEVANT-A,,MIG management for Phase 5 density tier (50-60 tenants with hard isolation),1w,WL05 (multi-tenant),HIGH
nvmlGpuInstanceGetComputeInstanceProfileInfoV,UNUSED-RELEVANT-A,,MIG management for Phase 5 density tier (50-60 tenants with hard isolation),1w,WL05 (multi-tenant),HIGH
nvmlGpuInstanceGetComputeInstanceRemainingCapacity,UNUSED-RELEVANT-A,,MIG management for Phase 5 density tier (50-60 tenants with hard isolation),1w,WL05 (multi-tenant),HIGH
nvmlGpuInstanceGetComputeInstances,UNUSED-RELEVANT-A,,MIG management for Phase 5 density tier (50-60 tenants with hard isolation),1w,WL05 (multi-tenant),HIGH
nvmlGpuInstanceGetInfo,UNUSED-RELEVANT-A,,MIG management for Phase 5 density tier (50-60 tenants with hard isolation),1w,WL05 (multi-tenant),HIGH
nvmlInit,USED,cipher_volt / hibernate / gpustate,,,,
nvmlInitWithFlags,UNCERTAIN-NEEDS-DOC-LOOKUP,,needs NVML docs,,,
nvmlInit_v2,USED,cipher_volt / hibernate / gpustate,,,,
nvmlSetVgpuVersion,UNUSED-IRRELEVANT,,vGPU virtualization (Citrix/VMware); not applicable to bare-metal/container,,,
nvmlShutdown,USED,cipher_volt / hibernate / gpustate,,,,
nvmlSystemGetConfComputeCapabilities,UNCERTAIN-NEEDS-DOC-LOOKUP,,needs NVML docs,,,
nvmlSystemGetConfComputeGpusReadyState,UNCERTAIN-NEEDS-DOC-LOOKUP,,needs NVML docs,,,
nvmlSystemGetConfComputeKeyRotationThresholdInfo,UNCERTAIN-NEEDS-DOC-LOOKUP,,needs NVML docs,,,
nvmlSystemGetConfComputeSettings,UNCERTAIN-NEEDS-DOC-LOOKUP,,needs NVML docs,,,
nvmlSystemGetConfComputeState,UNCERTAIN-NEEDS-DOC-LOOKUP,,needs NVML docs,,,
nvmlSystemGetCudaDriverVersion,UNCERTAIN-NEEDS-DOC-LOOKUP,,needs NVML docs,,,
nvmlSystemGetCudaDriverVersion_v2,UNUSED-RELEVANT-B,,version variant; check base nvmlSystemGetCudaDriverVersion,,,LOW
nvmlSystemGetDriverBranch,UNCERTAIN-NEEDS-DOC-LOOKUP,,needs NVML docs,,,
nvmlSystemGetDriverVersion,USED,cipher_volt / hibernate / gpustate,,,,
nvmlSystemGetHicVersion,UNCERTAIN-NEEDS-DOC-LOOKUP,,needs NVML docs,,,
nvmlSystemGetNVMLVersion,UNCERTAIN-NEEDS-DOC-LOOKUP,,needs NVML docs,,,
nvmlSystemGetNvlinkBwMode,UNCERTAIN-NEEDS-DOC-LOOKUP,,needs NVML docs,,,
nvmlSystemGetProcessName,UNCERTAIN-NEEDS-DOC-LOOKUP,,needs NVML docs,,,
nvmlSystemGetTopologyGpuSet,UNUSED-RELEVANT-B,,NUMA / topology hints; multi-GPU mostly,,,LOW
nvmlSystemSetConfComputeGpusReadyState,UNCERTAIN-NEEDS-DOC-LOOKUP,,needs NVML docs,,,
nvmlSystemSetConfComputeKeyRotationThresholdInfo,UNCERTAIN-NEEDS-DOC-LOOKUP,,needs NVML docs,,,
nvmlSystemSetNvlinkBwMode,UNCERTAIN-NEEDS-DOC-LOOKUP,,needs NVML docs,,,
nvmlUnitGetCount,UNCERTAIN-NEEDS-DOC-LOOKUP,,needs NVML docs,,,
nvmlUnitGetDevices,UNCERTAIN-NEEDS-DOC-LOOKUP,,needs NVML docs,,,
nvmlUnitGetFanSpeedInfo,UNCERTAIN-NEEDS-DOC-LOOKUP,,needs NVML docs,,,
nvmlUnitGetHandleByIndex,UNCERTAIN-NEEDS-DOC-LOOKUP,,needs NVML docs,,,
nvmlUnitGetLedState,UNCERTAIN-NEEDS-DOC-LOOKUP,,needs NVML docs,,,
nvmlUnitGetPsuInfo,UNCERTAIN-NEEDS-DOC-LOOKUP,,needs NVML docs,,,
nvmlUnitGetTemperature,UNCERTAIN-NEEDS-DOC-LOOKUP,,needs NVML docs,,,
nvmlUnitGetUnitInfo,UNCERTAIN-NEEDS-DOC-LOOKUP,,needs NVML docs,,,
nvmlUnitSetLedState,UNCERTAIN-NEEDS-DOC-LOOKUP,,needs NVML docs,,,
nvmlVgpuInstanceClearAccountingPids,UNUSED-IRRELEVANT,,vGPU virtualization (Citrix/VMware); not applicable to bare-metal/container,,,
nvmlVgpuInstanceGetAccountingMode,UNUSED-IRRELEVANT,,vGPU virtualization (Citrix/VMware); not applicable to bare-metal/container,,,
nvmlVgpuInstanceGetAccountingPids,UNUSED-IRRELEVANT,,vGPU virtualization (Citrix/VMware); not applicable to bare-metal/container,,,
nvmlVgpuInstanceGetAccountingStats,UNUSED-IRRELEVANT,,vGPU virtualization (Citrix/VMware); not applicable to bare-metal/container,,,
nvmlVgpuInstanceGetEccMode,UNUSED-RELEVANT-B,,ECC/retired-page telemetry for PULSE op refinement,4h,,LOW
nvmlVgpuInstanceGetEncoderCapacity,UNUSED-IRRELEVANT,,vGPU virtualization (Citrix/VMware); not applicable to bare-metal/container,,,
nvmlVgpuInstanceGetEncoderSessions,UNUSED-IRRELEVANT,,vGPU virtualization (Citrix/VMware); not applicable to bare-metal/container,,,
nvmlVgpuInstanceGetEncoderStats,UNUSED-IRRELEVANT,,vGPU virtualization (Citrix/VMware); not applicable to bare-metal/container,,,
nvmlVgpuInstanceGetFBCSessions,UNUSED-IRRELEVANT,,vGPU virtualization (Citrix/VMware); not applicable to bare-metal/container,,,
nvmlVgpuInstanceGetFBCStats,UNUSED-IRRELEVANT,,vGPU virtualization (Citrix/VMware); not applicable to bare-metal/container,,,
nvmlVgpuInstanceGetFbUsage,UNUSED-IRRELEVANT,,vGPU virtualization (Citrix/VMware); not applicable to bare-metal/container,,,
nvmlVgpuInstanceGetFrameRateLimit,UNUSED-IRRELEVANT,,vGPU virtualization (Citrix/VMware); not applicable to bare-metal/container,,,
nvmlVgpuInstanceGetGpuInstanceId,UNUSED-RELEVANT-A,,MIG management for Phase 5 density tier (50-60 tenants with hard isolation),1w,WL05 (multi-tenant),HIGH
nvmlVgpuInstanceGetGpuPciId,UNUSED-IRRELEVANT,,vGPU virtualization (Citrix/VMware); not applicable to bare-metal/container,,,
nvmlVgpuInstanceGetLicenseInfo,UNUSED-IRRELEVANT,,vGPU virtualization (Citrix/VMware); not applicable to bare-metal/container,,,
nvmlVgpuInstanceGetLicenseInfo_v2,UNUSED-IRRELEVANT,,vGPU virtualization (Citrix/VMware); not applicable to bare-metal/container,,,
nvmlVgpuInstanceGetLicenseStatus,UNUSED-IRRELEVANT,,vGPU virtualization (Citrix/VMware); not applicable to bare-metal/container,,,
nvmlVgpuInstanceGetMdevUUID,UNUSED-IRRELEVANT,,vGPU virtualization (Citrix/VMware); not applicable to bare-metal/container,,,
nvmlVgpuInstanceGetMetadata,UNUSED-IRRELEVANT,,vGPU virtualization (Citrix/VMware); not applicable to bare-metal/container,,,
nvmlVgpuInstanceGetPlacementId,UNUSED-IRRELEVANT,,vGPU virtualization (Citrix/VMware); not applicable to bare-metal/container,,,
nvmlVgpuInstanceGetRuntimeStateSize,UNUSED-IRRELEVANT,,vGPU virtualization (Citrix/VMware); not applicable to bare-metal/container,,,
nvmlVgpuInstanceGetType,UNUSED-IRRELEVANT,,vGPU virtualization (Citrix/VMware); not applicable to bare-metal/container,,,
nvmlVgpuInstanceGetUUID,UNUSED-IRRELEVANT,,vGPU virtualization (Citrix/VMware); not applicable to bare-metal/container,,,
nvmlVgpuInstanceGetVmDriverVersion,UNUSED-IRRELEVANT,,vGPU virtualization (Citrix/VMware); not applicable to bare-metal/container,,,
nvmlVgpuInstanceGetVmID,UNUSED-IRRELEVANT,,vGPU virtualization (Citrix/VMware); not applicable to bare-metal/container,,,
nvmlVgpuInstanceSetEncoderCapacity,UNUSED-IRRELEVANT,,vGPU virtualization (Citrix/VMware); not applicable to bare-metal/container,,,
nvmlVgpuTypeGetBAR1Info,UNUSED-IRRELEVANT,,vGPU virtualization (Citrix/VMware); not applicable to bare-metal/container,,,
nvmlVgpuTypeGetCapabilities,UNUSED-IRRELEVANT,,vGPU virtualization (Citrix/VMware); not applicable to bare-metal/container,,,
nvmlVgpuTypeGetClass,UNUSED-IRRELEVANT,,vGPU virtualization (Citrix/VMware); not applicable to bare-metal/container,,,
nvmlVgpuTypeGetDeviceID,UNUSED-IRRELEVANT,,vGPU virtualization (Citrix/VMware); not applicable to bare-metal/container,,,
nvmlVgpuTypeGetFbReservation,UNUSED-IRRELEVANT,,vGPU virtualization (Citrix/VMware); not applicable to bare-metal/container,,,
nvmlVgpuTypeGetFrameRateLimit,UNUSED-IRRELEVANT,,vGPU virtualization (Citrix/VMware); not applicable to bare-metal/container,,,
nvmlVgpuTypeGetFramebufferSize,UNUSED-IRRELEVANT,,vGPU virtualization (Citrix/VMware); not applicable to bare-metal/container,,,
nvmlVgpuTypeGetGpuInstanceProfileId,UNUSED-RELEVANT-A,,MIG management for Phase 5 density tier (50-60 tenants with hard isolation),1w,WL05 (multi-tenant),HIGH
nvmlVgpuTypeGetGspHeapSize,UNUSED-IRRELEVANT,,vGPU virtualization (Citrix/VMware); not applicable to bare-metal/container,,,
nvmlVgpuTypeGetLicense,UNUSED-IRRELEVANT,,vGPU virtualization (Citrix/VMware); not applicable to bare-metal/container,,,
nvmlVgpuTypeGetMaxInstances,UNUSED-IRRELEVANT,,vGPU virtualization (Citrix/VMware); not applicable to bare-metal/container,,,
nvmlVgpuTypeGetMaxInstancesPerVm,UNUSED-IRRELEVANT,,vGPU virtualization (Citrix/VMware); not applicable to bare-metal/container,,,
nvmlVgpuTypeGetName,UNUSED-IRRELEVANT,,vGPU virtualization (Citrix/VMware); not applicable to bare-metal/container,,,
nvmlVgpuTypeGetNumDisplayHeads,UNUSED-IRRELEVANT,,vGPU virtualization (Citrix/VMware); not applicable to bare-metal/container,,,
nvmlVgpuTypeGetResolution,UNUSED-IRRELEVANT,,vGPU virtualization (Citrix/VMware); not applicable to bare-metal/container,,,
