timestamp_s,power_watts,sm_util_pct,sm_clock_mhz
0,70.324,0,345
1,70.483,0,345
2,71.117,0,345
3,71.951,0,345
4,71.489,0,345
5,70.481,0,345
6,70.195,0,345
7,70.307,0,345
8,70.5,0,345
9,71.059,0,345
10,71.911,0,345
11,71.249,0,345
12,80.471,11,1980
14,119.275,9,1980
15,128.937,32,1980
16,145.77,85,1980
17,177.607,100,1980
18,192.491,100,1980
19,196.401,100,1980
20,195.712,100,1980
21,195.344,100,1980
22,196.844,100,1980
23,196.102,100,1980
24,197.019,100,1980
25,198.472,100,1980
26,199.247,100,1980
27,200.146,100,1980
28,197.263,100,1980
29,198.183,100,1980
30,197.368,100,1980
31,196.777,100,1980
32,198.459,100,1980
33,199.792,100,1980
34,199.278,100,1980
35,199.738,100,1980
36,198.516,100,1980
37,198.291,100,1980
38,198.476,100,1980
39,199.122,100,1980
40,198.893,100,1980
41,199.071,100,1980
42,199.152,100,1980
43,199.414,100,1980
44,201.52,100,1980
45,199.462,100,1980
46,197.59,100,1980
47,198.356,100,1980
48,198.816,100,1980
49,199.06,100,1980
50,199.148,100,1980
51,197.968,100,1980
52,199.963,100,1980
53,197.678,100,1980
54,199.803,100,1980
55,200.894,100,1980
56,200.43,100,1980
57,200.665,100,1980
58,199.79,100,1980
59,198.803,100,1980
60,198.822,100,1980
61,198.985,100,1980
62,196.899,100,1980
63,199.452,100,1980
64,197.948,100,1980
65,197.991,100,1980
66,200.725,100,1980
67,199.458,100,1980
68,199.494,100,1980
69,199.001,100,1980
70,199.97,100,1980
71,200.446,100,1980
72,199.953,100,1980
74,201.856,100,1980
75,200.624,100,1980
76,202.153,100,1980
77,200.802,100,1980
78,200.516,100,1980
79,201.569,100,1980
80,198.883,100,1980
81,199.703,100,1980
82,200.792,100,1980
83,199.766,100,1980
84,200.87,100,1980
85,200.061,100,1980
86,199.808,100,1980
87,199.683,100,1980
88,200.123,100,1980
89,199.302,100,1980
90,199.871,100,1980
91,201.533,100,1980
92,200.732,100,1980
93,201.805,100,1980
94,199.989,100,1980
95,200.682,100,1980
96,200.775,100,1980
97,200.976,100,1980
98,199.967,100,1980
99,200.299,100,1980
100,200.569,100,1980
101,200.176,100,1980
102,199.662,100,1980
103,200.38,100,1980
104,200.763,100,1980
105,201.276,100,1980
106,202.334,100,1980
107,200.509,100,1980
108,199.96,100,1980
109,199.73,100,1980
110,201.24,100,1980
111,201.517,100,1980
112,201.404,100,1980
113,200.366,100,1980
114,201.347,100,1980
115,201.141,100,1980
116,200.357,100,1980
117,200.525,100,1980
118,201.067,100,1980
119,201.877,100,1980
120,200.213,100,1980
121,201.885,100,1980
122,201.618,100,1980
123,201.752,100,1980
124,201.13,100,1980
125,200.66,100,1980
126,201.382,100,1980
128,200.016,100,1980
129,200.864,100,1980
130,202.181,100,1980
131,200.312,100,1980
132,200.683,100,1980
133,200.765,100,1980
134,201.528,100,1980
135,201.212,100,1980
136,200.691,100,1980
137,201.561,100,1980
138,201.476,100,1980
139,202.468,100,1980
140,202.561,100,1980
141,201.313,100,1980
142,202.289,100,1980
143,202.453,100,1980
144,202.342,100,1980
145,202.308,100,1980
146,202.498,100,1980
147,202.091,100,1980
148,201.54,100,1980
149,201.579,100,1980
150,202.444,100,1980
151,202.006,100,1980
152,202.7,100,1980
153,201.694,100,1980
154,201.925,100,1980
155,201.307,100,1980
156,202.069,100,1980
157,201.109,100,1980
158,201.506,100,1980
159,201.761,100,1980
160,200.79,100,1980
161,201.437,100,1980
162,202.191,100,1980
163,199.359,100,1980
164,201.715,100,1980
165,200.518,100,1980
166,200.935,100,1980
167,200.865,100,1980
168,201.71,100,1980
169,202.572,100,1980
170,202.992,100,1980
171,203.027,100,1980
172,201.951,100,1980
173,201.633,100,1980
174,203.067,100,1980
175,201.51,100,1980
176,201.268,100,1980
177,201.398,100,1980
178,201.365,100,1980
179,201.354,100,1980
180,200.864,100,1980
182,201.35,100,1980
183,201.517,100,1980
184,201.793,100,1980
185,201.073,100,1980
186,200.537,100,1980
187,200.896,100,1980
188,201.425,100,1980
189,202.722,100,1980
190,202.378,100,1980
191,203.687,100,1980
192,202.352,100,1980
193,203.235,100,1980
194,203.126,100,1980
195,203.767,100,1980
196,201.665,100,1980
197,202.319,100,1980
198,201.115,100,1980
199,202.023,100,1980
200,201.648,100,1980
201,201.033,100,1980
202,201.723,100,1980
203,201.382,100,1980
204,201.57,100,1980
205,201.668,100,1980
206,202.145,100,1980
207,202.585,100,1980
208,202.04,100,1980
209,204.415,100,1980
210,203.486,100,1980
211,202.316,100,1980
212,202.296,100,1980
213,201.562,100,1980
214,203.466,100,1980
215,200.8,100,1980
216,200.898,100,1980
217,202.513,100,1980
218,201.802,100,1980
219,201.185,100,1980
220,202.055,100,1980
221,200.441,100,1980
222,201.039,100,1980
223,202.245,100,1980
224,201.808,100,1980
225,201.627,100,1980
226,203.384,100,1980
227,203.285,100,1980
228,202.285,100,1980
229,202.816,100,1980
230,201.461,100,1980
231,202.03,100,1980
232,201.334,100,1980
233,202.163,100,1980
234,201.727,100,1980
236,202.204,100,1980
237,201.622,100,1980
238,201.577,100,1980
239,200.745,100,1980
240,202.512,100,1980
241,201.492,100,1980
242,202.721,100,1980
243,203.872,100,1980
244,203.381,100,1980
245,202.37,100,1980
246,201.687,100,1980
247,202.019,100,1980
248,201.84,100,1980
249,200.745,100,1980
250,200.601,100,1980
251,199.614,100,1980
252,201.388,100,1980
253,201.746,100,1980
254,202.226,100,1980
255,201.834,100,1980
256,203.353,100,1980
257,203.005,100,1980
258,202.497,100,1980
259,201.977,100,1980
260,200.528,100,1980
261,201.336,100,1980
262,202.868,100,1980
263,201.762,100,1980
264,202.665,100,1980
265,201.182,100,1980
266,201.709,100,1980
267,202.082,100,1980
268,201.841,100,1980
269,201.16,100,1980
270,202.027,100,1980
271,202.823,100,1980
272,204.001,100,1980
273,202.54,100,1980
274,202.872,100,1980
275,201.734,100,1980
276,201.404,100,1980
277,201.504,100,1980
278,202.155,100,1980
279,200.501,100,1980
280,200.887,100,1980
281,202.316,100,1980
282,201.006,100,1980
283,202.26,100,1980
284,201.362,100,1980
285,202.579,100,1980
286,203.487,100,1980
287,202.962,100,1980
288,201.359,100,1980
290,202.009,100,1980
291,202.88,100,1980
292,202.572,100,1980
293,202.173,100,1980
294,201.859,100,1980
295,201.03,100,1980
296,201.609,100,1980
297,201.995,100,1980
298,202.565,100,1980
299,203.067,100,1980
300,202.822,100,1980
301,203.936,100,1980
302,203.958,100,1980
303,201.237,100,1980
304,200.536,100,1980
305,202.805,100,1980
306,200.974,100,1980
307,201.762,100,1980
308,202.202,100,1980
309,201.621,100,1980
310,201.265,100,1980
311,201.875,100,1980
312,202.303,100,1980
313,202.454,100,1980
314,203.318,100,1980
315,202.276,100,1980
316,202.777,100,1980
317,201.597,100,1980
318,201.051,100,1980
319,202.373,100,1980
320,201.097,100,1980
321,201.868,100,1980
322,200.567,100,1980
323,200.897,100,1980
324,202.336,100,1980
325,203.22,100,1980
326,202.831,100,1980
327,204.028,100,1980
328,203.357,100,1980
329,202.538,100,1980
330,200.607,100,1980
331,201.697,100,1980
332,202.172,100,1980
333,202.387,100,1980
334,200.567,100,1980
335,200.836,100,1980
336,202.262,100,1980
337,201.892,100,1980
338,202.382,100,1980
339,203.517,100,1980
340,203.233,100,1980
341,203.883,100,1980
342,202.861,100,1980
344,201.936,100,1980
345,201.921,100,1980
346,202.616,100,1980
347,200.513,100,1980
348,200.862,100,1980
349,201.16,100,1980
350,202.511,100,1980
351,202.318,100,1980
352,202.605,100,1980
353,202.486,100,1980
354,203.252,100,1980
355,201.12,100,1980
356,201.563,100,1980
357,201.537,100,1980
358,202.623,100,1980
359,199.785,100,1980
360,201.982,100,1980
361,202.32,100,1980
362,201.39,100,1980
363,200.93,100,1980
364,201.785,100,1980
365,202.949,100,1980
366,204.256,100,1980
367,203.852,100,1980
368,201.566,100,1980
369,202.843,100,1980
370,201.438,100,1980
371,202.481,100,1980
372,201.492,100,1980
373,202.018,100,1980
374,200.173,100,1980
375,201.154,100,1980
376,202.733,100,1980
377,202.54,100,1980
378,203.166,100,1980
379,203.023,100,1980
380,203.233,100,1980
381,202.138,100,1980
382,200.437,100,1980
383,201.602,100,1980
384,202.356,100,1980
385,200.732,100,1980
386,201.897,100,1980
387,202.058,100,1980
388,200.379,100,1980
389,202.602,100,1980
390,203.411,100,1980
391,202.43,100,1980
392,202.628,100,1980
393,203.132,100,1980
394,203.243,100,1980
395,201.524,100,1980
396,201.7,100,1980
398,201.634,100,1980
399,201.365,100,1980
400,202.176,100,1980
401,200.545,100,1980
402,202.221,100,1980
403,203.069,100,1980
404,203.089,100,1980
405,202.911,100,1980
406,202.28,100,1980
407,201.923,100,1980
408,201.712,100,1980
409,199.91,100,1980
410,201.939,100,1980
411,201.077,100,1980
412,201.448,100,1980
413,200.018,100,1980
414,200.856,100,1980
415,202.494,100,1980
416,201.791,100,1980
417,203.681,100,1980
418,203.999,100,1980
419,201.575,100,1980
420,201.956,100,1980
421,203.101,100,1980
422,201.252,100,1980
423,201.47,100,1980
424,200.945,100,1980
425,201.084,100,1980
426,201.594,100,1980
427,201.384,100,1980
428,202.533,100,1980
429,201.747,100,1980
430,201.618,100,1980
431,201.845,100,1980
432,202.019,100,1980
433,202.056,100,1980
434,201.813,100,1980
435,201.582,100,1980
436,201.576,100,1980
437,201.259,100,1980
438,200.658,100,1980
439,201.974,100,1980
440,202.027,100,1980
441,204.257,100,1980
442,201.577,100,1980
443,202.369,100,1980
444,203.979,100,1980
445,201.923,100,1980
446,200.826,100,1980
447,202.333,100,1980
448,201.126,100,1980
449,199.78,100,1980
450,201.363,100,1980
452,202.099,100,1980
453,202.633,100,1980
454,202.422,100,1980
455,203.763,100,1980
456,201.923,100,1980
457,203.164,100,1980
458,201.674,100,1980
459,201.735,100,1980
460,200.148,100,1980
461,201.698,100,1980
462,202.179,100,1980
463,201.637,100,1980
464,202.548,100,1980
465,202.608,100,1980
466,202.053,100,1980
467,204.518,100,1980
468,204.093,100,1980
469,201.918,100,1980
470,202.063,100,1980
471,201.514,100,1980
472,202.721,100,1980
473,201.941,100,1980
474,200.635,100,1980
475,202.84,100,1980
476,200.066,100,1980
477,201.922,100,1980
478,203.631,100,1980
479,204.324,100,1980
480,203.295,100,1980
481,203.893,100,1980
482,201.094,100,1980
483,201.658,100,1980
484,202.465,100,1980
485,201.824,100,1980
486,201.839,100,1980
487,200.434,100,1980
488,201.553,100,1980
489,202.669,100,1980
490,202.5,100,1980
491,203.192,100,1980
492,203.704,100,1980
493,202.378,100,1980
494,202.537,100,1980
495,201.486,100,1980
496,201.724,100,1980
497,201.442,100,1980
498,202.579,100,1980
499,200.702,100,1980
500,201.266,100,1980
501,202.339,100,1980
502,202.982,100,1980
503,204.375,100,1980
504,204.023,100,1980
506,202.224,100,1980
507,202.06,100,1980
508,202.216,100,1980
509,200.964,100,1980
510,202.921,100,1980
511,200.018,100,1980
512,201.961,100,1980
513,200.697,100,1980
514,202.02,100,1980
515,203.36,100,1980
516,202.628,100,1980
517,203.151,100,1980
518,203.191,100,1980
519,202.005,100,1980
520,200.61,100,1980
521,201.137,100,1980
522,201.55,100,1980
523,200.95,100,1980
524,202.106,100,1980
525,201.407,100,1980
526,202.918,100,1980
527,202.889,100,1980
528,203.54,100,1980
529,203.345,100,1980
530,202.457,100,1980
531,202.184,100,1980
532,201.323,100,1980
533,200.928,100,1980
534,201.472,100,1980
535,201.476,100,1980
536,200.599,100,1980
537,201.863,100,1980
538,200.933,100,1980
539,202.544,100,1980
540,201.972,100,1980
541,202.534,100,1980
542,202.048,100,1980
543,201.734,100,1980
544,201.733,100,1980
545,202.27,100,1980
546,201.566,100,1980
547,202.079,100,1980
548,202.003,100,1980
549,203.484,100,1980
550,201.289,100,1980
551,202.094,100,1980
552,201.683,100,1980
553,203.315,100,1980
554,202.478,100,1980
555,203.064,100,1980
556,202.246,100,1980
557,201.669,100,1980
558,202.04,100,1980
560,201.792,100,1980
561,199.974,100,1980
562,201.828,100,1980
563,202.338,100,1980
564,203.189,100,1980
565,203.437,100,1980
566,203.225,100,1980
567,203.331,100,1980
568,203.123,100,1980
569,202.206,100,1980
570,201.489,100,1980
571,201.704,100,1980
572,201.445,100,1980
573,200.949,100,1980
574,201.403,100,1980
575,202.485,100,1980
576,202.553,100,1980
577,203.17,100,1980
578,203.658,100,1980
579,202.404,100,1980
580,201.636,100,1980
581,201.718,100,1980
582,201.327,100,1980
583,201.484,100,1980
584,201.313,100,1980
585,200.529,100,1980
586,201.186,100,1980
587,201.714,100,1980
588,200.677,100,1980
589,202.368,100,1980
590,203.264,100,1980
591,203.429,100,1980
592,202.523,100,1980
593,203.031,100,1980
594,202.533,100,1980
595,202.138,100,1980
596,200.169,100,1980
597,202.044,100,1980
598,200.253,100,1980
599,202.767,100,1980
600,202.621,100,1980
601,203.691,100,1980
602,203.428,100,1980
603,202.18,100,1980
604,202.575,100,1980
605,201.855,100,1980
606,201.736,100,1980
607,200.435,100,1980
608,201.79,100,1980
609,202.812,100,1980
610,202.402,100,1980
611,201.865,100,1980
612,201.518,100,1980
614,203.844,100,1980
615,201.377,100,1980
616,196.463,100,1980
617,163.993,34,1980
618,127.845,0,1980
619,121.563,0,660
620,72.755,0,420
621,71.527,0,345
622,71.182,0,345
623,71.076,0,345
624,71.083,0,345
625,71.324,0,345
626,71.777,0,345
627,72.266,0,345
628,72.611,0,345
629,72.681,0,345
