timestamp_s,tenant,pid,sm_util_pct,mem_util_pct,sustained_clock_mhz,launches_total,mfu_pct,device_power_w
6,wl22_baseline,162154,1,0,1980,0,1.00,89.19
7,wl22_baseline,162154,0,0,1980,0,0.00,114.252
8,wl22_baseline,162154,0,0,1980,0,0.00,115.137
10,wl22_baseline,162154,0,0,1980,0,0.00,115.085
11,wl22_baseline,162154,0,0,1980,0,0.00,114.466
12,wl22_baseline,162154,5,0,1980,256,5.00,116.083
13,wl22_baseline,162154,7,0,1980,33536,7.00,119.431
14,wl22_baseline,162154,23,4,1980,134400,23.00,132.338
15,wl22_baseline,162154,27,5,1980,235264,27.00,135.271
16,wl22_baseline,162154,28,5,1980,336896,28.00,134.977
17,wl22_baseline,162154,28,5,1980,439040,28.00,135.845
18,wl22_baseline,162154,27,5,1980,541184,27.00,134.958
19,wl22_baseline,162154,28,5,1980,642816,28.00,135.387
20,wl22_baseline,162154,28,5,1980,744704,28.00,136.578
21,wl22_baseline,162154,28,5,1980,846848,28.00,134.996
22,wl22_baseline,162154,28,5,1980,948480,28.00,134.227
23,wl22_baseline,162154,28,5,1980,1.05088e+06,28.00,134.061
24,wl22_baseline,162154,28,5,1980,1.15302e+06,28.00,135.151
25,wl22_baseline,162154,28,5,1980,1.25466e+06,28.00,136.556
26,wl22_baseline,162154,28,5,1980,1.35603e+06,28.00,134.936
27,wl22_baseline,162154,27,5,1980,1.4569e+06,27.00,135.109
28,wl22_baseline,162154,27,5,1980,1.55725e+06,27.00,135.673
29,wl22_baseline,162154,27,5,1980,1.65811e+06,27.00,134.382
30,wl22_baseline,162154,27,5,1980,1.75872e+06,27.00,134.734
31,wl22_baseline,162154,27,5,1980,1.85958e+06,27.00,134.976
32,wl22_baseline,162154,27,5,1980,1.95994e+06,27.00,134.408
33,wl22_baseline,162154,28,5,1980,2.06208e+06,28.00,136.224
34,wl22_baseline,162154,28,5,1980,2.16422e+06,28.00,134.774
35,wl22_baseline,162154,28,5,1980,2.26611e+06,28.00,135.965
36,wl22_baseline,162154,28,5,1980,2.36826e+06,28.00,134.926
37,wl22_baseline,162154,28,5,1980,2.47066e+06,28.00,135.538
38,wl22_baseline,162154,28,5,1980,2.57229e+06,28.00,134.78
39,wl22_baseline,162154,28,5,1980,2.67469e+06,28.00,134.976
40,wl22_baseline,162154,28,5,1980,2.77632e+06,28.00,134.888
41,wl22_baseline,162154,28,5,1980,2.87821e+06,28.00,135.193
42,wl22_baseline,162154,28,5,1980,2.98035e+06,28.00,134.38
43,wl22_baseline,162154,28,5,1980,3.08198e+06,28.00,134.877
44,wl22_baseline,162154,27,5,1980,3.18413e+06,27.00,136.76
45,wl22_baseline,162154,28,5,1980,3.28653e+06,28.00,134.652
46,wl22_baseline,162154,28,5,1980,3.3879e+06,28.00,135.722
47,wl22_baseline,162154,28,5,1980,3.4903e+06,28.00,134.046
48,wl22_baseline,162154,28,5,1980,3.5927e+06,28.00,135.196
49,wl22_baseline,162154,28,5,1980,3.69434e+06,28.00,136.122
50,wl22_baseline,162154,28,5,1980,3.79648e+06,28.00,134.855
51,wl22_baseline,162154,28,5,1980,3.89862e+06,28.00,135.046
52,wl22_baseline,162154,28,5,1980,4.00051e+06,28.00,135.865
53,wl22_baseline,162154,27,5,1980,4.10291e+06,27.00,134.255
54,wl22_baseline,162154,28,5,1980,4.20506e+06,28.00,136.872
55,wl22_baseline,162154,28,5,1980,4.30669e+06,28.00,134.665
56,wl22_baseline,162154,28,5,1980,4.40883e+06,28.00,136.063
57,wl22_baseline,162154,28,5,1980,4.51098e+06,28.00,137.059
58,wl22_baseline,162154,28,5,1980,4.61286e+06,28.00,135.228
59,wl22_baseline,162154,28,5,1980,4.71526e+06,28.00,135.621
60,wl22_baseline,162154,28,5,1980,4.81766e+06,28.00,136.763
61,wl22_baseline,162154,28,5,1980,4.91955e+06,28.00,134.917
62,wl22_baseline,162154,28,5,1980,5.02195e+06,28.00,134.876
63,wl22_baseline,162154,28,5,1980,5.1241e+06,28.00,135.43
64,wl22_baseline,162154,27,5,1980,5.2247e+06,27.00,134.745
65,wl22_baseline,162154,27,5,1980,5.32582e+06,27.00,135.49
66,wl22_baseline,162154,28,5,1980,5.42797e+06,28.00,134.683
67,wl22_baseline,162154,28,5,1980,5.5296e+06,28.00,134.761
68,wl22_baseline,162154,28,5,1980,5.632e+06,28.00,136.551
69,wl22_baseline,162154,28,5,1980,5.73414e+06,28.00,134.79
70,wl22_baseline,162154,28,5,1980,5.83603e+06,28.00,134.612
71,wl22_baseline,162154,27,5,1980,5.93792e+06,27.00,135.832
72,wl22_baseline,162154,28,5,1980,6.03981e+06,28.00,135.075
74,wl22_baseline,162154,28,5,1980,6.14221e+06,28.00,136.08
75,wl22_baseline,162154,28,5,1980,6.24486e+06,28.00,135.551
76,wl22_baseline,162154,28,5,1980,6.3465e+06,28.00,133.902
77,wl22_baseline,162154,28,5,1980,6.4489e+06,28.00,136.059
78,wl22_baseline,162154,28,5,1980,6.5513e+06,28.00,135.291
79,wl22_baseline,162154,28,5,1980,6.65293e+06,28.00,134.099
80,wl22_baseline,162154,28,5,1980,6.75507e+06,28.00,134.786
81,wl22_baseline,162154,28,5,1980,6.85747e+06,28.00,134.372
82,wl22_baseline,162154,28,5,1980,6.95834e+06,28.00,135.113
83,wl22_baseline,162154,27,5,1980,7.05946e+06,27.00,135.634
84,wl22_baseline,162154,28,5,1980,7.1616e+06,28.00,134.447
85,wl22_baseline,162154,28,5,1980,7.26349e+06,28.00,135.115
86,wl22_baseline,162154,28,5,1980,7.36589e+06,28.00,135.674
87,wl22_baseline,162154,28,5,1980,7.46829e+06,28.00,135.369
88,wl22_baseline,162154,28,5,1980,7.57043e+06,28.00,135.662
89,wl22_baseline,162154,28,5,1980,7.67283e+06,28.00,135.082
90,wl22_baseline,162154,28,5,1980,7.77549e+06,28.00,135.003
91,wl22_baseline,162154,28,5,1980,7.87738e+06,28.00,135.568
92,wl22_baseline,162154,28,5,1980,7.98003e+06,28.00,134.192
93,wl22_baseline,162154,28,5,1980,8.08269e+06,28.00,134.83
94,wl22_baseline,162154,28,5,1980,8.18483e+06,28.00,137.103
95,wl22_baseline,162154,28,5,1980,8.28749e+06,28.00,134.787
96,wl22_baseline,162154,28,5,1980,8.38963e+06,28.00,136.118
97,wl22_baseline,162154,28,5,1980,8.49229e+06,28.00,136.248
98,wl22_baseline,162154,28,5,1980,8.5952e+06,28.00,134.535
99,wl22_baseline,162154,28,5,1980,8.69734e+06,28.00,136.306
100,wl22_baseline,162154,28,5,1980,8.8e+06,28.00,134.255
101,wl22_baseline,162154,28,5,1980,8.9024e+06,28.00,134.955
102,wl22_baseline,162154,28,5,1980,9.00403e+06,28.00,135.343
103,wl22_baseline,162154,28,5,1980,9.10643e+06,28.00,135.295
104,wl22_baseline,162154,28,5,1980,9.20883e+06,28.00,134.981
105,wl22_baseline,162154,28,5,1980,9.31072e+06,28.00,136.642
106,wl22_baseline,162154,28,5,1980,9.4121e+06,28.00,134.644
107,wl22_baseline,162154,27,5,1980,9.51322e+06,27.00,135.139
108,wl22_baseline,162154,27,5,1980,9.61357e+06,27.00,135.244
109,wl22_baseline,162154,27,5,1980,9.71571e+06,27.00,134.483
110,wl22_baseline,162154,28,5,1980,9.81811e+06,28.00,134.996
111,wl22_baseline,162154,28,5,1980,9.92026e+06,28.00,135.138
112,wl22_baseline,162154,28,5,1980,1.00227e+07,28.00,134.899
113,wl22_baseline,162154,28,5,1980,1.01253e+07,28.00,136.018
114,wl22_baseline,162154,27,5,1980,1.02269e+07,27.00,134.582
115,wl22_baseline,162154,28,5,1980,1.03291e+07,28.00,134.855
116,wl22_baseline,162154,28,5,1980,1.04312e+07,28.00,136.47
117,wl22_baseline,162154,28,5,1980,1.05331e+07,28.00,134.537
118,wl22_baseline,162154,28,5,1980,1.06355e+07,28.00,135.865
119,wl22_baseline,162154,28,5,1980,1.07374e+07,28.00,136.286
120,wl22_baseline,162154,28,5,1980,1.08398e+07,28.00,135.649
121,wl22_baseline,162154,28,5,1980,1.09422e+07,28.00,134.907
122,wl22_baseline,162154,28,5,1980,1.10438e+07,28.00,135.893
123,wl22_baseline,162154,28,5,1980,1.11465e+07,28.00,134.326
124,wl22_baseline,162154,28,5,1980,1.12489e+07,28.00,136.003
125,wl22_baseline,162154,28,5,1980,1.13508e+07,28.00,134.641
126,wl22_baseline,162154,28,5,1980,1.14529e+07,28.00,134.304
127,wl22_baseline,162154,28,5,1980,1.15551e+07,28.00,136.31
128,wl22_baseline,162154,28,5,1980,1.16567e+07,28.00,134.59
129,wl22_baseline,162154,28,5,1980,1.17588e+07,28.00,135.691
130,wl22_baseline,162154,28,5,1980,1.1861e+07,28.00,135.476
131,wl22_baseline,162154,28,5,1980,1.19626e+07,28.00,134.639
132,wl22_baseline,162154,28,5,1980,1.2065e+07,28.00,135.919
133,wl22_baseline,162154,28,5,1980,1.21677e+07,28.00,135.015
134,wl22_baseline,162154,28,5,1980,1.22691e+07,28.00,135.072
135,wl22_baseline,162154,28,5,1980,1.23715e+07,28.00,136.18
137,wl22_baseline,162154,28,5,1980,1.24739e+07,28.00,134.888
138,wl22_baseline,162154,28,5,1980,1.25757e+07,28.00,135.579
139,wl22_baseline,162154,28,5,1980,1.26781e+07,28.00,135.224
140,wl22_baseline,162154,28,5,1980,1.278e+07,28.00,135.003
141,wl22_baseline,162154,28,5,1980,1.28822e+07,28.00,134.935
142,wl22_baseline,162154,28,5,1980,1.29848e+07,28.00,135.656
143,wl22_baseline,162154,28,5,1980,1.30865e+07,28.00,134.593
144,wl22_baseline,162154,27,5,1980,1.31873e+07,27.00,135.471
145,wl22_baseline,162154,27,5,1980,1.32884e+07,27.00,135.518
146,wl22_baseline,162154,27,5,1980,1.33896e+07,27.00,134.823
147,wl22_baseline,162154,27,5,1980,1.34899e+07,27.00,136.104
148,wl22_baseline,162154,27,5,1980,1.3591e+07,27.00,135.43
149,wl22_baseline,162154,27,5,1980,1.36922e+07,27.00,135.46
150,wl22_baseline,162154,27,5,1980,1.37928e+07,27.00,135.364
151,wl22_baseline,162154,27,5,1980,1.38939e+07,27.00,134.247
152,wl22_baseline,162154,28,5,1980,1.39958e+07,28.00,135.322
153,wl22_baseline,162154,28,5,1980,1.40977e+07,28.00,135.209
154,wl22_baseline,162154,28,5,1980,1.42003e+07,28.00,133.804
155,wl22_baseline,162154,28,5,1980,1.4303e+07,28.00,135.597
156,wl22_baseline,162154,28,5,1980,1.44046e+07,28.00,136.255
157,wl22_baseline,162154,28,5,1980,1.45073e+07,28.00,134.575
158,wl22_baseline,162154,28,5,1980,1.46097e+07,28.00,136.069
159,wl22_baseline,162154,28,5,1980,1.47116e+07,28.00,135.06
160,wl22_baseline,162154,28,5,1980,1.4814e+07,28.00,135.198
161,wl22_baseline,162154,28,5,1980,1.49161e+07,28.00,135.564
162,wl22_baseline,162154,28,5,1980,1.5017e+07,28.00,134.527
163,wl22_baseline,162154,27,5,1980,1.51178e+07,27.00,134.691
164,wl22_baseline,162154,27,5,1980,1.52189e+07,27.00,135.925
165,wl22_baseline,162154,27,5,1980,1.53196e+07,27.00,134.469
166,wl22_baseline,162154,27,5,1980,1.54207e+07,27.00,135.273
167,wl22_baseline,162154,27,5,1980,1.55213e+07,27.00,135.225
168,wl22_baseline,162154,27,5,1980,1.56216e+07,27.00,134.452
169,wl22_baseline,162154,27,5,1980,1.57238e+07,27.00,136.248
170,wl22_baseline,162154,28,5,1980,1.58257e+07,28.00,135.195
171,wl22_baseline,162154,28,5,1980,1.59273e+07,28.00,134.275
172,wl22_baseline,162154,28,5,1980,1.60292e+07,28.00,135.808
173,wl22_baseline,162154,27,5,1980,1.61311e+07,27.00,135.375
174,wl22_baseline,162154,28,5,1980,1.62324e+07,28.00,134.67
175,wl22_baseline,162154,28,5,1980,1.63346e+07,28.00,136.204
176,wl22_baseline,162154,28,5,1980,1.64365e+07,28.00,134.426
177,wl22_baseline,162154,28,5,1980,1.65379e+07,28.00,136.139
178,wl22_baseline,162154,28,5,1980,1.664e+07,28.00,133.966
179,wl22_baseline,162154,28,5,1980,1.67424e+07,28.00,135.124
180,wl22_baseline,162154,28,5,1980,1.68438e+07,28.00,135.12
181,wl22_baseline,162154,28,5,1980,1.69464e+07,28.00,135.069
182,wl22_baseline,162154,28,5,1980,1.70488e+07,28.00,134.584
183,wl22_baseline,162154,28,5,1980,1.71505e+07,28.00,136.592
184,wl22_baseline,162154,28,5,1980,1.72529e+07,28.00,135.177
185,wl22_baseline,162154,28,5,1980,1.73548e+07,28.00,134.777
186,wl22_baseline,162154,28,5,1980,1.74566e+07,28.00,136.546
187,wl22_baseline,162154,28,5,1980,1.75585e+07,28.00,134.963
188,wl22_baseline,162154,28,5,1980,1.76602e+07,28.00,135.939
189,wl22_baseline,162154,28,5,1980,1.77623e+07,28.00,135.691
190,wl22_baseline,162154,28,5,1980,1.78647e+07,28.00,134.416
191,wl22_baseline,162154,28,5,1980,1.79663e+07,28.00,135.806
192,wl22_baseline,162154,28,5,1980,1.80685e+07,28.00,135.776
193,wl22_baseline,162154,28,5,1980,1.81706e+07,28.00,134.938
194,wl22_baseline,162154,28,5,1980,1.82723e+07,28.00,136.06
195,wl22_baseline,162154,28,5,1980,1.83741e+07,28.00,134.471
196,wl22_baseline,162154,27,5,1980,1.84763e+07,27.00,135.057
197,wl22_baseline,162154,28,5,1980,1.85779e+07,28.00,134.606
198,wl22_baseline,162154,28,5,1980,1.86803e+07,28.00,133.995
200,wl22_baseline,162154,27,5,1980,1.87825e+07,27.00,135.615
201,wl22_baseline,162154,28,5,1980,1.88844e+07,28.00,136.239
202,wl22_baseline,162154,28,5,1980,1.89868e+07,28.00,134.037
203,wl22_baseline,162154,28,5,1980,1.90892e+07,28.00,135.59
204,wl22_baseline,162154,28,5,1980,1.9191e+07,28.00,136.27
205,wl22_baseline,162154,28,5,1980,1.92932e+07,28.00,135.171
206,wl22_baseline,162154,28,5,1980,1.93956e+07,28.00,135.649
207,wl22_baseline,162154,28,5,1980,1.94972e+07,28.00,135
208,wl22_baseline,162154,28,5,1980,1.95996e+07,28.00,135.34
209,wl22_baseline,162154,28,5,1980,1.9702e+07,28.00,135.426
210,wl22_baseline,162154,28,5,1980,1.98039e+07,28.00,135.328
211,wl22_baseline,162154,28,5,1980,1.99063e+07,28.00,135.458
212,wl22_baseline,162154,27,5,1980,2.00082e+07,27.00,136.141
213,wl22_baseline,162154,28,5,1980,2.01103e+07,28.00,134.985
214,wl22_baseline,162154,28,5,1980,2.02127e+07,28.00,135.061
215,wl22_baseline,162154,28,5,1980,2.03146e+07,28.00,135.479
216,wl22_baseline,162154,28,5,1980,2.0417e+07,28.00,134.828
217,wl22_baseline,162154,28,5,1980,2.05192e+07,28.00,135.744
218,wl22_baseline,162154,27,5,1980,2.06208e+07,27.00,136.156
219,wl22_baseline,162154,28,5,1980,2.07232e+07,28.00,134.847
220,wl22_baseline,162154,28,5,1980,2.08256e+07,28.00,136.033
221,wl22_baseline,162154,28,5,1980,2.0927e+07,28.00,135.497
222,wl22_baseline,162154,27,5,1980,2.10289e+07,27.00,134.795
223,wl22_baseline,162154,28,5,1980,2.1131e+07,28.00,135.67
224,wl22_baseline,162154,28,5,1980,2.12329e+07,28.00,134.198
225,wl22_baseline,162154,28,5,1980,2.13348e+07,28.00,135.381
226,wl22_baseline,162154,28,5,1980,2.14369e+07,28.00,136.305
227,wl22_baseline,162154,28,5,1980,2.15383e+07,28.00,133.79
228,wl22_baseline,162154,28,5,1980,2.16392e+07,28.00,135.085
229,wl22_baseline,162154,28,5,1980,2.17413e+07,28.00,134.321
230,wl22_baseline,162154,28,5,1980,2.18429e+07,28.00,135.233
231,wl22_baseline,162154,28,5,1980,2.19453e+07,28.00,136.181
232,wl22_baseline,162154,28,5,1980,2.20475e+07,28.00,134.541
233,wl22_baseline,162154,28,5,1980,2.21491e+07,28.00,136.045
234,wl22_baseline,162154,28,5,1980,2.22515e+07,28.00,135.839
235,wl22_baseline,162154,28,5,1980,2.23529e+07,28.00,135.037
236,wl22_baseline,162154,27,5,1980,2.24532e+07,27.00,135.206
237,wl22_baseline,162154,27,5,1980,2.25554e+07,27.00,136.528
238,wl22_baseline,162154,28,5,1980,2.26578e+07,28.00,135.138
239,wl22_baseline,162154,28,5,1980,2.27597e+07,28.00,135.814
240,wl22_baseline,162154,28,5,1980,2.28621e+07,28.00,135.087
241,wl22_baseline,162154,28,5,1980,2.29645e+07,28.00,135.008
242,wl22_baseline,162154,28,5,1980,2.30664e+07,28.00,136.189
243,wl22_baseline,162154,28,5,1980,2.31688e+07,28.00,134.524
244,wl22_baseline,162154,28,5,1980,2.32709e+07,28.00,134.947
245,wl22_baseline,162154,28,5,1980,2.33725e+07,28.00,135.243
246,wl22_baseline,162154,28,5,1980,2.34747e+07,28.00,135.209
247,wl22_baseline,162154,28,5,1980,2.35766e+07,28.00,134.478
248,wl22_baseline,162154,28,5,1980,2.36785e+07,28.00,135.447
249,wl22_baseline,162154,28,5,1980,2.37806e+07,28.00,134.601
250,wl22_baseline,162154,28,5,1980,2.38825e+07,28.00,134.644
251,wl22_baseline,162154,28,5,1980,2.39844e+07,28.00,136.211
252,wl22_baseline,162154,28,5,1980,2.40865e+07,28.00,134.98
253,wl22_baseline,162154,28,5,1980,2.41882e+07,28.00,135.265
254,wl22_baseline,162154,28,5,1980,2.42903e+07,28.00,135.137
255,wl22_baseline,162154,27,5,1980,2.43922e+07,27.00,134.596
256,wl22_baseline,162154,27,5,1980,2.44925e+07,27.00,135.778
257,wl22_baseline,162154,27,5,1980,2.45937e+07,27.00,134.591
258,wl22_baseline,162154,27,5,1980,2.46948e+07,27.00,134.817
259,wl22_baseline,162154,27,5,1980,2.47962e+07,27.00,135.686
260,wl22_baseline,162154,27,5,1980,2.48968e+07,27.00,134.311
261,wl22_baseline,162154,27,5,1980,2.49976e+07,27.00,134.438
263,wl22_baseline,162154,27,5,1980,2.50998e+07,27.00,135.75
264,wl22_baseline,162154,28,5,1980,2.52014e+07,28.00,133.757
265,wl22_baseline,162154,28,5,1980,2.53041e+07,28.00,136.174
266,wl22_baseline,162154,28,5,1980,2.54065e+07,28.00,136.036
267,wl22_baseline,162154,28,5,1980,2.55081e+07,28.00,135.428
268,wl22_baseline,162154,28,5,1980,2.5611e+07,28.00,135.07
269,wl22_baseline,162154,28,5,1980,2.57132e+07,28.00,136.403
270,wl22_baseline,162154,28,5,1980,2.58156e+07,28.00,135.455
271,wl22_baseline,162154,28,5,1980,2.59182e+07,28.00,135.818
272,wl22_baseline,162154,28,5,1980,2.60198e+07,28.00,134.494
273,wl22_baseline,162154,28,5,1980,2.6122e+07,28.00,135.302
274,wl22_baseline,162154,27,5,1980,2.62239e+07,27.00,135.36
275,wl22_baseline,162154,28,5,1980,2.63255e+07,28.00,134.614
276,wl22_baseline,162154,28,5,1980,2.64274e+07,28.00,135.6
277,wl22_baseline,162154,28,5,1980,2.65295e+07,28.00,134.871
278,wl22_baseline,162154,28,5,1980,2.66312e+07,28.00,135.788
279,wl22_baseline,162154,28,5,1980,2.67328e+07,28.00,136.125
280,wl22_baseline,162154,27,5,1980,2.68342e+07,27.00,134.611
281,wl22_baseline,162154,27,5,1980,2.69348e+07,27.00,134.608
282,wl22_baseline,162154,27,5,1980,2.70354e+07,27.00,135.469
283,wl22_baseline,162154,27,5,1980,2.7137e+07,27.00,134.596
284,wl22_baseline,162154,28,5,1980,2.72387e+07,28.00,134.201
285,wl22_baseline,162154,28,5,1980,2.73411e+07,28.00,135.876
286,wl22_baseline,162154,28,5,1980,2.74432e+07,28.00,134.339
287,wl22_baseline,162154,28,5,1980,2.75448e+07,28.00,134.559
288,wl22_baseline,162154,28,5,1980,2.76472e+07,28.00,135.549
289,wl22_baseline,162154,28,5,1980,2.77499e+07,28.00,135.352
290,wl22_baseline,162154,28,5,1980,2.78518e+07,28.00,136.038
291,wl22_baseline,162154,28,5,1980,2.79544e+07,28.00,135.373
292,wl22_baseline,162154,28,5,1980,2.80568e+07,28.00,135.854
293,wl22_baseline,162154,28,5,1980,2.8159e+07,28.00,136.825
294,wl22_baseline,162154,28,5,1980,2.82611e+07,28.00,134.255
295,wl22_baseline,162154,28,5,1980,2.83635e+07,28.00,134.238
296,wl22_baseline,162154,28,5,1980,2.84652e+07,28.00,136.023
297,wl22_baseline,162154,28,5,1980,2.85673e+07,28.00,134.541
298,wl22_baseline,162154,28,5,1980,2.86687e+07,28.00,134.754
299,wl22_baseline,162154,27,5,1980,2.87693e+07,27.00,135.469
300,wl22_baseline,162154,27,5,1980,2.88704e+07,27.00,134.171
301,wl22_baseline,162154,27,5,1980,2.89715e+07,27.00,136.001
302,wl22_baseline,162154,27,5,1980,2.90721e+07,27.00,135.443
303,wl22_baseline,162154,27,5,1980,2.91732e+07,27.00,134.236
304,wl22_baseline,162154,27,5,1980,2.92744e+07,27.00,135.868
305,wl22_baseline,162154,28,5,1980,2.9376e+07,28.00,134.484
306,wl22_baseline,162154,28,5,1980,2.94784e+07,28.00,135.277
307,wl22_baseline,162154,28,5,1980,2.95808e+07,28.00,135.589
308,wl22_baseline,162154,28,5,1980,2.96827e+07,28.00,134.984
309,wl22_baseline,162154,28,5,1980,2.97853e+07,28.00,134.609
310,wl22_baseline,162154,28,5,1980,2.98875e+07,28.00,136.205
311,wl22_baseline,162154,28,5,1980,2.99891e+07,28.00,134.383
312,wl22_baseline,162154,28,5,1980,3.00918e+07,28.00,135.028
313,wl22_baseline,162154,28,5,1980,3.01942e+07,28.00,134.857
314,wl22_baseline,162154,28,5,1980,3.02961e+07,28.00,134.151
315,wl22_baseline,162154,28,5,1980,3.03985e+07,28.00,134.669
316,wl22_baseline,162154,28,5,1980,3.05004e+07,28.00,135.246
317,wl22_baseline,162154,28,5,1980,3.06028e+07,28.00,135.025
318,wl22_baseline,162154,28,5,1980,3.07054e+07,28.00,136.08
319,wl22_baseline,162154,28,5,1980,3.08073e+07,28.00,135.039
320,wl22_baseline,162154,28,5,1980,3.091e+07,28.00,135.254
321,wl22_baseline,162154,28,5,1980,3.10124e+07,28.00,136.382
322,wl22_baseline,162154,28,5,1980,3.1114e+07,28.00,135.031
323,wl22_baseline,162154,28,5,1980,3.12161e+07,28.00,136.127
324,wl22_baseline,162154,28,5,1980,3.13185e+07,28.00,135.814
326,wl22_baseline,162154,28,5,1980,3.14202e+07,28.00,136.046
327,wl22_baseline,162154,28,5,1980,3.15223e+07,28.00,136.23
328,wl22_baseline,162154,28,5,1980,3.16244e+07,28.00,135.639
329,wl22_baseline,162154,27,5,1980,3.17263e+07,27.00,134.711
330,wl22_baseline,162154,28,5,1980,3.1829e+07,28.00,136.355
331,wl22_baseline,162154,28,5,1980,3.19319e+07,28.00,135.715
332,wl22_baseline,162154,28,5,1980,3.20338e+07,28.00,135.32
333,wl22_baseline,162154,28,5,1980,3.21364e+07,28.00,135.866
334,wl22_baseline,162154,28,5,1980,3.22388e+07,28.00,134.894
335,wl22_baseline,162154,28,5,1980,3.23412e+07,28.00,135.543
336,wl22_baseline,162154,28,5,1980,3.24439e+07,28.00,135.738
337,wl22_baseline,162154,28,5,1980,3.25458e+07,28.00,135.298
338,wl22_baseline,162154,28,5,1980,3.26484e+07,28.00,135.647
339,wl22_baseline,162154,28,5,1980,3.27511e+07,28.00,134.855
340,wl22_baseline,162154,28,5,1980,3.2853e+07,28.00,135.375
341,wl22_baseline,162154,28,5,1980,3.29556e+07,28.00,135.775
342,wl22_baseline,162154,28,5,1980,3.3058e+07,28.00,135.339
343,wl22_baseline,162154,28,5,1980,3.31602e+07,28.00,134.588
344,wl22_baseline,162154,28,5,1980,3.32628e+07,28.00,136.293
345,wl22_baseline,162154,28,5,1980,3.33658e+07,28.00,135.065
346,wl22_baseline,162154,28,5,1980,3.34679e+07,28.00,135.544
347,wl22_baseline,162154,28,5,1980,3.35708e+07,28.00,136.604
348,wl22_baseline,162154,28,5,1980,3.36727e+07,28.00,134.846
349,wl22_baseline,162154,28,5,1980,3.37751e+07,28.00,136.693
350,wl22_baseline,162154,28,5,1980,3.38778e+07,28.00,135.905
351,wl22_baseline,162154,28,5,1980,3.39796e+07,28.00,134.154
352,wl22_baseline,162154,28,5,1980,3.40823e+07,28.00,136.058
353,wl22_baseline,162154,28,5,1980,3.4185e+07,28.00,134.908
354,wl22_baseline,162154,28,5,1980,3.42868e+07,28.00,135.197
355,wl22_baseline,162154,28,5,1980,3.43892e+07,28.00,136.427
356,wl22_baseline,162154,28,5,1980,3.44916e+07,28.00,134.808
357,wl22_baseline,162154,27,5,1980,3.4593e+07,27.00,134.967
358,wl22_baseline,162154,28,5,1980,3.46952e+07,28.00,135.392
359,wl22_baseline,162154,28,5,1980,3.47976e+07,28.00,134.722
360,wl22_baseline,162154,28,5,1980,3.48992e+07,28.00,134.361
361,wl22_baseline,162154,28,5,1980,3.50016e+07,28.00,135.313
362,wl22_baseline,162154,28,5,1980,3.51027e+07,28.00,134.859
363,wl22_baseline,162154,27,5,1980,3.52033e+07,27.00,135.071
364,wl22_baseline,162154,27,5,1980,3.53044e+07,27.00,135.204
365,wl22_baseline,162154,28,5,1980,3.54063e+07,28.00,134.972
366,wl22_baseline,162154,28,5,1980,3.55077e+07,28.00,136.578
367,wl22_baseline,162154,28,5,1980,3.56096e+07,28.00,134.27
368,wl22_baseline,162154,28,5,1980,3.57117e+07,28.00,134.143
369,wl22_baseline,162154,28,5,1980,3.58129e+07,28.00,136.378
370,wl22_baseline,162154,27,5,1980,3.59148e+07,27.00,135.309
371,wl22_baseline,162154,28,5,1980,3.60166e+07,28.00,134.559
372,wl22_baseline,162154,27,5,1980,3.61178e+07,27.00,137.106
373,wl22_baseline,162154,28,5,1980,3.62196e+07,28.00,135.025
374,wl22_baseline,162154,28,5,1980,3.63218e+07,28.00,135.75
375,wl22_baseline,162154,28,5,1980,3.64234e+07,28.00,135.634
376,wl22_baseline,162154,28,5,1980,3.65256e+07,28.00,134.72
377,wl22_baseline,162154,28,5,1980,3.66277e+07,28.00,136.07
378,wl22_baseline,162154,28,5,1980,3.67296e+07,28.00,135.034
379,wl22_baseline,162154,28,5,1980,3.6832e+07,28.00,135.458
380,wl22_baseline,162154,28,5,1980,3.69344e+07,28.00,135.683
381,wl22_baseline,162154,28,5,1980,3.70363e+07,28.00,135.382
382,wl22_baseline,162154,28,5,1980,3.71387e+07,28.00,135.352
383,wl22_baseline,162154,28,5,1980,3.72408e+07,28.00,135.9
384,wl22_baseline,162154,28,5,1980,3.7343e+07,28.00,134.539
385,wl22_baseline,162154,28,5,1980,3.74454e+07,28.00,135.548
386,wl22_baseline,162154,28,5,1980,3.7547e+07,28.00,136.36
387,wl22_baseline,162154,28,5,1980,3.76494e+07,28.00,135.939
389,wl22_baseline,162154,28,5,1980,3.77518e+07,28.00,135.718
390,wl22_baseline,162154,28,5,1980,3.78537e+07,28.00,135.533
391,wl22_baseline,162154,28,5,1980,3.79561e+07,28.00,135.317
392,wl22_baseline,162154,28,5,1980,3.80585e+07,28.00,136.198
393,wl22_baseline,162154,28,5,1980,3.81604e+07,28.00,135.038
394,wl22_baseline,162154,28,5,1980,3.82628e+07,28.00,135.03
395,wl22_baseline,162154,28,5,1980,3.83654e+07,28.00,136.036
396,wl22_baseline,162154,28,5,1980,3.84673e+07,28.00,135.382
397,wl22_baseline,162154,28,5,1980,3.857e+07,28.00,135.659
398,wl22_baseline,162154,28,5,1980,3.86726e+07,28.00,134.811
399,wl22_baseline,162154,28,5,1980,3.87743e+07,28.00,134.244
400,wl22_baseline,162154,28,5,1980,3.88759e+07,28.00,137.368
401,wl22_baseline,162154,27,5,1980,3.89788e+07,27.00,135.113
402,wl22_baseline,162154,28,5,1980,3.90799e+07,28.00,134.446
403,wl22_baseline,162154,28,5,1980,3.91821e+07,28.00,135.462
404,wl22_baseline,162154,27,5,1980,3.9284e+07,27.00,135.226
405,wl22_baseline,162154,28,5,1980,3.93859e+07,28.00,135.147
406,wl22_baseline,162154,28,5,1980,3.9488e+07,28.00,136.709
407,wl22_baseline,162154,28,5,1980,3.95896e+07,28.00,135.387
408,wl22_baseline,162154,28,5,1980,3.96918e+07,28.00,135.296
409,wl22_baseline,162154,28,5,1980,3.97939e+07,28.00,135.06
410,wl22_baseline,162154,28,5,1980,3.98958e+07,28.00,134.694
411,wl22_baseline,162154,28,5,1980,3.99982e+07,28.00,136.129
412,wl22_baseline,162154,27,5,1980,4.01004e+07,27.00,135.455
413,wl22_baseline,162154,28,5,1980,4.0202e+07,28.00,135.292
414,wl22_baseline,162154,28,5,1980,4.03044e+07,28.00,135.834
415,wl22_baseline,162154,28,5,1980,4.04065e+07,28.00,135.085
416,wl22_baseline,162154,28,5,1980,4.05082e+07,28.00,134.62
417,wl22_baseline,162154,28,5,1980,4.06103e+07,28.00,135.584
418,wl22_baseline,162154,28,5,1980,4.07124e+07,28.00,134.392
419,wl22_baseline,162154,28,5,1980,4.08141e+07,28.00,136.082
420,wl22_baseline,162154,28,5,1980,4.09162e+07,28.00,135.062
421,wl22_baseline,162154,28,5,1980,4.10184e+07,28.00,134.715
422,wl22_baseline,162154,28,5,1980,4.11197e+07,28.00,135.887
423,wl22_baseline,162154,27,5,1980,4.12219e+07,27.00,135.165
424,wl22_baseline,162154,28,5,1980,4.1324e+07,28.00,133.952
425,wl22_baseline,162154,28,5,1980,4.14254e+07,28.00,135.647
426,wl22_baseline,162154,28,5,1980,4.15278e+07,28.00,135.256
427,wl22_baseline,162154,28,5,1980,4.16302e+07,28.00,135.542
428,wl22_baseline,162154,28,5,1980,4.17318e+07,28.00,136.875
429,wl22_baseline,162154,28,5,1980,4.18342e+07,28.00,134.54
430,wl22_baseline,162154,28,5,1980,4.19364e+07,28.00,134.283
431,wl22_baseline,162154,28,5,1980,4.2038e+07,28.00,137.015
432,wl22_baseline,162154,28,5,1980,4.21404e+07,28.00,133.917
433,wl22_baseline,162154,28,5,1980,4.22426e+07,28.00,134.826
434,wl22_baseline,162154,28,5,1980,4.23447e+07,28.00,135.812
435,wl22_baseline,162154,28,5,1980,4.24474e+07,28.00,134.452
436,wl22_baseline,162154,28,5,1980,4.25492e+07,28.00,136.131
437,wl22_baseline,162154,28,5,1980,4.26519e+07,28.00,135.161
438,wl22_baseline,162154,28,5,1980,4.27546e+07,28.00,135.052
439,wl22_baseline,162154,28,5,1980,4.28567e+07,28.00,135.666
440,wl22_baseline,162154,28,5,1980,4.29588e+07,28.00,134.424
441,wl22_baseline,162154,28,5,1980,4.30612e+07,28.00,134.075
442,wl22_baseline,162154,28,5,1980,4.31629e+07,28.00,136.488
443,wl22_baseline,162154,28,5,1980,4.32655e+07,28.00,134.476
444,wl22_baseline,162154,28,5,1980,4.33679e+07,28.00,135.943
445,wl22_baseline,162154,28,5,1980,4.34698e+07,28.00,135.824
446,wl22_baseline,162154,28,5,1980,4.35725e+07,28.00,135.803
447,wl22_baseline,162154,28,5,1980,4.36749e+07,28.00,134.463
448,wl22_baseline,162154,28,5,1980,4.37768e+07,28.00,134.815
449,wl22_baseline,162154,28,5,1980,4.38794e+07,28.00,134.841
450,wl22_baseline,162154,28,5,1980,4.39816e+07,28.00,135.859
452,wl22_baseline,162154,28,5,1980,4.40837e+07,28.00,135.765
453,wl22_baseline,162154,28,5,1980,4.41864e+07,28.00,134.14
454,wl22_baseline,162154,28,5,1980,4.42883e+07,28.00,135.643
455,wl22_baseline,162154,28,5,1980,4.43907e+07,28.00,136.125
456,wl22_baseline,162154,28,5,1980,4.44933e+07,28.00,135.592
457,wl22_baseline,162154,28,5,1980,4.45952e+07,28.00,135.653
458,wl22_baseline,162154,28,5,1980,4.46973e+07,28.00,134.541
459,wl22_baseline,162154,28,5,1980,4.47997e+07,28.00,136.141
460,wl22_baseline,162154,28,5,1980,4.49011e+07,28.00,134.942
461,wl22_baseline,162154,28,5,1980,4.50035e+07,28.00,134.819
462,wl22_baseline,162154,28,5,1980,4.51049e+07,28.00,136.378
463,wl22_baseline,162154,27,5,1980,4.52058e+07,27.00,134.77
464,wl22_baseline,162154,28,5,1980,4.53079e+07,28.00,134.364
465,wl22_baseline,162154,27,5,1980,4.541e+07,27.00,135.285
466,wl22_baseline,162154,28,5,1980,4.55119e+07,28.00,134.169
467,wl22_baseline,162154,28,5,1980,4.56143e+07,28.00,135.13
468,wl22_baseline,162154,28,5,1980,4.57167e+07,28.00,135.527
469,wl22_baseline,162154,28,5,1980,4.58186e+07,28.00,135.85
470,wl22_baseline,162154,28,5,1980,4.59192e+07,28.00,134.358
471,wl22_baseline,162154,27,5,1980,4.60201e+07,27.00,136.427
472,wl22_baseline,162154,27,5,1980,4.61202e+07,27.00,134.189
473,wl22_baseline,162154,27,5,1980,4.62208e+07,27.00,135.249
474,wl22_baseline,162154,27,5,1980,4.63214e+07,27.00,134.866
475,wl22_baseline,162154,27,5,1980,4.64218e+07,27.00,134.83
476,wl22_baseline,162154,28,5,1980,4.65236e+07,28.00,135.125
477,wl22_baseline,162154,28,5,1980,4.66258e+07,28.00,135.065
478,wl22_baseline,162154,28,5,1980,4.67277e+07,28.00,134.645
479,wl22_baseline,162154,28,5,1980,4.68303e+07,28.00,136.048
480,wl22_baseline,162154,28,5,1980,4.69327e+07,28.00,134.932
481,wl22_baseline,162154,28,5,1980,4.70346e+07,28.00,134.832
482,wl22_baseline,162154,28,5,1980,4.71373e+07,28.00,136.638
483,wl22_baseline,162154,28,5,1980,4.72397e+07,28.00,134.329
484,wl22_baseline,162154,28,5,1980,4.73413e+07,28.00,134.788
485,wl22_baseline,162154,28,5,1980,4.74432e+07,28.00,135.548
486,wl22_baseline,162154,28,5,1980,4.75451e+07,28.00,133.967
487,wl22_baseline,162154,28,5,1980,4.76467e+07,28.00,135.311
488,wl22_baseline,162154,27,5,1980,4.77489e+07,27.00,135.702
489,wl22_baseline,162154,28,5,1980,4.78513e+07,28.00,135.007
490,wl22_baseline,162154,27,5,1980,4.79524e+07,27.00,135.762
491,wl22_baseline,162154,28,5,1980,4.80545e+07,28.00,135.188
492,wl22_baseline,162154,28,5,1980,4.81569e+07,28.00,134.26
493,wl22_baseline,162154,28,5,1980,4.82588e+07,28.00,135.348
494,wl22_baseline,162154,28,5,1980,4.83615e+07,28.00,135.053
495,wl22_baseline,162154,28,5,1980,4.84644e+07,28.00,134.959
496,wl22_baseline,162154,28,5,1980,4.85663e+07,28.00,136.325
497,wl22_baseline,162154,28,5,1980,4.86689e+07,28.00,135.66
498,wl22_baseline,162154,28,5,1980,4.87713e+07,28.00,135.922
499,wl22_baseline,162154,28,5,1980,4.8874e+07,28.00,135.558
500,wl22_baseline,162154,28,5,1980,4.89766e+07,28.00,135.225
501,wl22_baseline,162154,28,5,1980,4.90785e+07,28.00,136.65
502,wl22_baseline,162154,28,5,1980,4.91812e+07,28.00,135.681
503,wl22_baseline,162154,28,5,1980,4.92833e+07,28.00,135.342
504,wl22_baseline,162154,28,5,1980,4.93852e+07,28.00,136.533
505,wl22_baseline,162154,28,5,1980,4.94874e+07,28.00,135.633
506,wl22_baseline,162154,28,5,1980,4.95898e+07,28.00,135.523
507,wl22_baseline,162154,28,5,1980,4.96916e+07,28.00,136.077
508,wl22_baseline,162154,28,5,1980,4.9794e+07,28.00,134.553
509,wl22_baseline,162154,28,5,1980,4.98964e+07,28.00,135.61
510,wl22_baseline,162154,28,5,1980,4.99983e+07,28.00,136.221
511,wl22_baseline,162154,28,5,1980,5.0101e+07,28.00,134.649
512,wl22_baseline,162154,28,5,1980,5.02031e+07,28.00,136.352
513,wl22_baseline,162154,28,5,1980,5.03045e+07,28.00,135.249
514,wl22_baseline,162154,27,5,1980,5.04056e+07,27.00,134.382
516,wl22_baseline,162154,27,5,1980,5.0507e+07,27.00,135.326
517,wl22_baseline,162154,28,5,1980,5.06089e+07,28.00,134.69
518,wl22_baseline,162154,28,5,1980,5.07116e+07,28.00,135.486
519,wl22_baseline,162154,28,5,1980,5.08132e+07,28.00,136.466
520,wl22_baseline,162154,27,5,1980,5.09135e+07,27.00,135.123
521,wl22_baseline,162154,27,5,1980,5.10144e+07,27.00,135.593
522,wl22_baseline,162154,27,5,1980,5.1115e+07,27.00,135.093
523,wl22_baseline,162154,27,5,1980,5.12154e+07,27.00,134.384
524,wl22_baseline,162154,27,5,1980,5.13162e+07,27.00,135.241
525,wl22_baseline,162154,27,5,1980,5.14171e+07,27.00,135.822
526,wl22_baseline,162154,27,5,1980,5.15177e+07,27.00,133.976
527,wl22_baseline,162154,28,5,1980,5.16193e+07,28.00,134.99
528,wl22_baseline,162154,28,5,1980,5.17217e+07,28.00,135.174
529,wl22_baseline,162154,28,5,1980,5.18236e+07,28.00,134.76
530,wl22_baseline,162154,28,5,1980,5.1926e+07,28.00,136.193
531,wl22_baseline,162154,28,5,1980,5.20284e+07,28.00,134.753
532,wl22_baseline,162154,28,5,1980,5.21298e+07,28.00,134.717
533,wl22_baseline,162154,28,5,1980,5.22324e+07,28.00,136.408
534,wl22_baseline,162154,28,5,1980,5.23351e+07,28.00,134.735
535,wl22_baseline,162154,28,5,1980,5.2437e+07,28.00,134.527
536,wl22_baseline,162154,28,5,1980,5.25394e+07,28.00,136.187
537,wl22_baseline,162154,28,5,1980,5.26423e+07,28.00,134.799
538,wl22_baseline,162154,28,5,1980,5.27442e+07,28.00,135.828
539,wl22_baseline,162154,28,5,1980,5.28466e+07,28.00,134.443
540,wl22_baseline,162154,28,5,1980,5.29482e+07,28.00,135.567
541,wl22_baseline,162154,27,5,1980,5.30488e+07,27.00,135.573
542,wl22_baseline,162154,27,5,1980,5.31497e+07,27.00,134.84
543,wl22_baseline,162154,27,5,1980,5.32508e+07,27.00,134.731
544,wl22_baseline,162154,27,5,1980,5.33522e+07,27.00,136.271
545,wl22_baseline,162154,28,5,1980,5.34548e+07,28.00,134.654
546,wl22_baseline,162154,28,5,1980,5.35575e+07,28.00,134.955
547,wl22_baseline,162154,28,5,1980,5.36591e+07,28.00,135.875
548,wl22_baseline,162154,28,5,1980,5.37615e+07,28.00,135.101
549,wl22_baseline,162154,28,5,1980,5.38637e+07,28.00,135.888
550,wl22_baseline,162154,28,5,1980,5.39661e+07,28.00,136.307
551,wl22_baseline,162154,28,5,1980,5.40687e+07,28.00,134.716
552,wl22_baseline,162154,28,5,1980,5.41704e+07,28.00,135.035
553,wl22_baseline,162154,28,5,1980,5.42728e+07,28.00,136.795
554,wl22_baseline,162154,28,5,1980,5.43752e+07,28.00,134.748
555,wl22_baseline,162154,28,5,1980,5.44773e+07,28.00,135.571
556,wl22_baseline,162154,28,5,1980,5.45797e+07,28.00,134.243
557,wl22_baseline,162154,28,5,1980,5.46821e+07,28.00,134.966
558,wl22_baseline,162154,28,5,1980,5.47843e+07,28.00,136.977
559,wl22_baseline,162154,28,5,1980,5.48867e+07,28.00,134.574
560,wl22_baseline,162154,28,5,1980,5.49893e+07,28.00,135.15
561,wl22_baseline,162154,28,5,1980,5.50912e+07,28.00,136.332
562,wl22_baseline,162154,28,5,1980,5.51933e+07,28.00,134.943
563,wl22_baseline,162154,28,5,1980,5.52957e+07,28.00,135.456
564,wl22_baseline,162154,28,5,1980,5.53979e+07,28.00,135.621
565,wl22_baseline,162154,28,5,1980,5.55003e+07,28.00,135.951
566,wl22_baseline,162154,28,5,1980,5.56024e+07,28.00,135.571
567,wl22_baseline,162154,28,5,1980,5.57048e+07,28.00,135.536
568,wl22_baseline,162154,28,5,1980,5.5807e+07,28.00,133.605
569,wl22_baseline,162154,27,5,1980,5.59086e+07,27.00,135.503
570,wl22_baseline,162154,28,5,1980,5.6011e+07,28.00,134.985
571,wl22_baseline,162154,28,5,1980,5.61134e+07,28.00,135.689
572,wl22_baseline,162154,28,5,1980,5.62153e+07,28.00,137.312
573,wl22_baseline,162154,28,5,1980,5.6318e+07,28.00,134.211
574,wl22_baseline,162154,28,5,1980,5.64206e+07,28.00,134.449
575,wl22_baseline,162154,28,5,1980,5.6523e+07,28.00,135.804
576,wl22_baseline,162154,28,5,1980,5.66259e+07,28.00,135.04
577,wl22_baseline,162154,28,5,1980,5.67286e+07,28.00,135.624
579,wl22_baseline,162154,28,5,1980,5.68302e+07,28.00,136.531
580,wl22_baseline,162154,27,5,1980,5.69313e+07,27.00,134.914
581,wl22_baseline,162154,27,5,1980,5.70322e+07,27.00,134.647
582,wl22_baseline,162154,27,5,1980,5.71325e+07,27.00,135.802
583,wl22_baseline,162154,27,5,1980,5.72337e+07,27.00,134.256
584,wl22_baseline,162154,27,5,1980,5.73345e+07,27.00,135.636
585,wl22_baseline,162154,27,5,1980,5.74349e+07,27.00,134.717
586,wl22_baseline,162154,27,5,1980,5.7536e+07,27.00,134.792
587,wl22_baseline,162154,28,5,1980,5.76376e+07,28.00,136.044
588,wl22_baseline,162154,28,5,1980,5.77395e+07,28.00,135.499
589,wl22_baseline,162154,28,5,1980,5.78419e+07,28.00,134.88
590,wl22_baseline,162154,28,5,1980,5.79441e+07,28.00,135.819
591,wl22_baseline,162154,27,5,1980,5.80444e+07,27.00,134.343
592,wl22_baseline,162154,27,5,1980,5.81453e+07,27.00,135.191
593,wl22_baseline,162154,28,5,1980,5.82474e+07,28.00,135.54
594,wl22_baseline,162154,28,5,1980,5.8348e+07,28.00,133.839
595,wl22_baseline,162154,27,5,1980,5.84494e+07,27.00,135.461
596,wl22_baseline,162154,28,5,1980,5.85518e+07,28.00,135.206
597,wl22_baseline,162154,28,5,1980,5.86534e+07,28.00,134.465
598,wl22_baseline,162154,28,5,1980,5.87556e+07,28.00,136.099
599,wl22_baseline,162154,28,5,1980,5.88575e+07,28.00,134.851
600,wl22_baseline,162154,28,5,1980,5.89588e+07,28.00,134.707
601,wl22_baseline,162154,28,5,1980,5.9061e+07,28.00,135.131
602,wl22_baseline,162154,28,5,1980,5.91634e+07,28.00,134.455
603,wl22_baseline,162154,28,5,1980,5.92653e+07,28.00,136.55
604,wl22_baseline,162154,28,5,1980,5.93679e+07,28.00,135.683
605,wl22_baseline,162154,28,5,1980,5.94703e+07,28.00,134.8
606,wl22_baseline,162154,28,5,1980,5.95722e+07,28.00,135.813
607,wl22_baseline,162154,28,5,1980,5.96749e+07,28.00,134.794
608,wl22_baseline,162154,28,5,1980,5.97773e+07,28.00,134.865
609,wl22_baseline,162154,28,5,1980,5.98794e+07,28.00,136.518
610,wl22_baseline,162154,28,5,1980,5.99816e+07,28.00,134.39
611,wl22_baseline,162154,28,5,1980,6.00842e+07,28.00,134.727
