1779992196.160998640,128.81,1980
1779992196.286865646,125.68,1980
1779992196.412146267,121.41,1980
1779992196.578598363,119.95,1980
1779992196.787022847,120.56,1980
1779992196.912397422,120.99,1980
1779992197.038376399,121.44,1980
1779992197.163853072,120.83,1980
1779992197.288879517,119.97,1980
1779992197.414248701,119.73,1980
1779992197.540037819,119.45,1980
1779992197.665010511,119.31,1980
1779992197.790042508,119.17,1980
1779992197.914711264,119.11,1980
1779992198.040181603,119.09,1980
1779992198.164932732,115.65,600
1779992198.294431974,109.11,600
1779992198.423044590,103.47,540
1779992198.551954633,97.85,495
1779992198.680717315,90.74,495
1779992198.809473549,84.99,450
1779992198.937904540,78.28,420
1779992199.108706615,71.07,375
1779992199.292743980,70.90,375
1779992199.432043565,70.70,345
1779992199.560378336,70.41,345
1779992199.689070879,70.09,345
1779992199.817681167,69.79,345
1779992199.946794290,69.34,345
1779992200.294357163,81.23,1980
1779992200.591556284,96.12,1980
1779992200.897029139,110.20,1980
1779992201.139484358,116.26,1980
1779992201.265087081,118.43,1980
1779992201.389913526,118.12,1980
1779992201.519013592,117.70,1980
1779992201.664454695,117.15,1980
1779992201.806036021,116.60,1980
1779992201.938923090,116.32,1980
1779992202.085561704,115.76,1980
1779992202.221869143,115.46,1980
1779992202.346850273,115.26,1980
1779992202.471920628,115.03,1980
1779992202.597625982,114.87,1980
1779992202.722930770,114.75,1980
1779992202.847728856,114.72,1980
1779992202.972209339,114.74,1980
1779992203.097625937,114.78,1980
1779992203.222922109,114.83,1980
1779992203.348262767,114.92,1980
1779992203.474371777,115.04,1980
1779992203.598854764,115.22,1980
1779992203.723608422,115.40,1980
1779992203.847701680,115.63,1980
1779992203.972306558,115.79,1980
1779992204.096829452,115.88,1980
1779992204.222438584,115.94,1980
1779992204.347195440,115.92,1980
1779992204.472376769,115.81,1980
1779992204.597504767,115.58,1980
1779992204.723114380,115.36,1980
1779992204.848382032,115.15,1980
1779992204.973836674,114.95,1980
1779992205.099536698,114.79,1980
1779992205.225130442,114.74,1980
1779992205.350232051,114.70,1980
1779992205.475222919,114.71,1980
1779992205.600140470,114.77,1980
1779992205.725107418,114.86,1980
1779992205.851805293,114.94,1980
1779992205.976956192,115.13,1980
1779992206.102209898,115.34,1980
1779992206.227284745,115.51,1980
1779992206.352141790,115.70,1980
1779992206.477263134,115.85,1980
1779992206.607417680,115.90,1980
1779992206.732989867,115.92,1980
1779992206.858120114,115.85,1980
1779992206.984178859,115.70,1980
1779992207.109179659,115.48,1980
1779992207.233804560,115.25,1980
1779992207.358952323,115.02,1980
1779992207.484159117,114.91,1980
1779992207.608799970,114.82,1980
1779992207.733111848,114.78,1980
1779992207.858121173,114.76,1980
1779992207.983237443,114.79,1980
1779992208.108042855,114.88,1980
1779992208.234214994,114.97,1980
1779992208.359205806,115.12,1980
1779992208.483995547,115.25,1980
1779992208.611665132,115.40,1980
1779992208.736523000,115.60,1980
1779992208.861220732,115.76,1980
1779992208.986051426,115.89,1980
1779992209.111642227,115.94,1980
1779992209.236576074,115.87,1980
1779992209.361651406,115.75,1980
1779992209.486827012,115.60,1980
1779992209.611635877,115.39,1980
1779992209.736666185,115.16,1980
1779992209.862199570,114.94,1980
1779992209.987357366,114.80,1980
1779992210.112395745,114.71,1980
1779992210.239340698,114.68,1980
1779992210.364125863,114.69,1980
1779992210.489025620,114.73,1980
1779992210.613950929,114.80,1980
1779992210.739414117,114.93,1980
1779992210.864105210,115.07,1980
1779992210.989180292,115.22,1980
1779992211.113942765,115.42,1980
1779992211.239275359,115.65,1980
1779992211.364387459,115.83,1980
1779992211.490074002,115.91,1980
1779992211.615221345,115.96,1980
1779992211.740103790,115.90,1980
1779992211.865326199,115.75,1980
1779992211.990290635,115.57,1980
1779992212.116134777,115.32,1980
1779992212.241147896,115.09,1980
1779992212.366296816,114.90,1980
1779992212.492142168,114.78,1980
1779992212.617495804,114.72,1980
1779992212.742248669,114.65,1980
1779992212.867693668,114.57,1980
1779992212.992433395,114.54,1980
1779992213.117300283,114.53,1980
1779992213.242536563,114.54,1980
1779992213.367732326,114.61,1980
1779992213.492845257,114.70,1980
1779992213.617833303,114.82,1980
1779992213.742952366,114.98,1980
1779992213.868095697,115.10,1980
1779992213.993584987,115.19,1980
1779992214.118963777,115.21,1980
1779992214.244148690,115.15,1980
1779992214.370704628,114.99,1980
1779992214.495910512,114.79,1980
1779992214.621213851,114.53,1980
1779992214.746182468,114.32,1980
1779992214.871520742,114.14,1980
1779992214.996498299,114.00,1980
1779992215.121551365,113.95,1980
1779992215.246846440,113.95,1980
1779992215.372144137,113.97,1980
1779992215.497130920,114.03,1980
1779992215.623089857,114.13,1980
1779992215.748592310,114.26,1980
1779992215.873887392,114.40,1980
1779992216.000640194,114.58,1980
1779992216.125954799,114.77,1980
1779992216.250920757,114.97,1980
1779992216.375904150,115.12,1980
1779992216.501434079,115.22,1980
1779992216.627088724,115.22,1980
1779992216.752235513,115.12,1980
1779992216.877311307,114.94,1980
1779992217.002438984,114.73,1980
1779992217.128031551,114.53,1980
1779992217.254296502,114.32,1980
1779992217.380632484,114.12,1980
1779992217.506527989,114.01,1980
1779992217.633147338,113.94,1980
1779992217.758402597,113.93,1980
1779992217.883181138,113.96,1980
1779992218.008164470,114.04,1980
1779992218.134009391,114.12,1980
1779992218.258999603,114.28,1980
1779992218.384138116,114.43,1980
1779992218.509413426,114.64,1980
1779992218.634721966,114.84,1980
1779992218.759975938,115.06,1980
1779992218.886017133,115.18,1980
1779992219.011252380,115.23,1980
1779992219.136418211,115.21,1980
1779992219.262399984,115.11,1980
1779992219.387725033,114.92,1980
1779992219.512705100,114.72,1980
1779992219.637479302,114.45,1980
1779992219.763912992,114.19,1980
1779992219.889267692,114.05,1980
1779992220.014598725,113.97,1980
1779992220.139958858,113.92,1980
1779992220.264493092,113.94,1980
1779992220.389953864,113.98,1980
1779992220.517010485,114.06,1980
1779992220.643204127,114.16,1980
1779992220.768764909,114.32,1980
1779992220.895887137,114.49,1980
1779992221.021177117,114.72,1980
1779992221.147601804,114.90,1980
1779992221.272873883,115.06,1980
1779992221.398618931,115.18,1980
1779992221.523802979,115.22,1980
1779992221.648948688,115.19,1980
1779992221.774017495,115.07,1980
1779992221.899152025,114.83,1980
1779992222.024377154,114.61,1980
1779992222.150453184,114.38,1980
1779992222.275946438,114.19,1980
1779992222.401015133,114.06,1980
1779992222.527952732,113.97,1980
1779992222.652884364,113.94,1980
1779992222.777888013,113.95,1980
1779992222.902629923,114.00,1980
1779992223.028255762,114.08,1980
1779992223.153371649,114.18,1980
1779992223.278534193,114.33,1980
1779992223.403756508,114.51,1980
1779992223.529214645,114.67,1980
1779992223.654377206,114.88,1980
1779992223.779724723,115.08,1980
1779992223.904956259,115.19,1980
1779992224.030374661,115.23,1980
1779992224.157593388,115.18,1980
1779992224.282494734,115.05,1980
1779992224.407473797,114.88,1980
1779992224.532446507,114.69,1980
1779992224.658083849,114.43,1980
1779992224.783043857,114.26,1980
1779992224.908301199,114.09,1980
1779992225.033098861,114.03,1980
1779992225.158196870,113.99,1980
1779992225.283420950,114.02,1980
1779992225.408544200,114.05,1980
1779992225.533839495,114.12,1980
1779992225.659292146,114.24,1980
1779992225.786132622,114.36,1980
1779992225.910993777,114.53,1980
1779992226.035839780,114.73,1980
1779992226.160140086,114.96,1980
1779992226.285441218,115.11,1980
1779992226.410280674,115.22,1980
1779992226.535438127,115.25,1980
1779992226.660479571,115.20,1980
1779992226.786541839,115.08,1980
1779992226.911699950,114.87,1980
1779992227.037145161,114.64,1980
1779992227.162513212,114.39,1980
1779992227.287946247,114.23,1980
1779992227.414452587,114.08,1980
1779992227.539997867,113.99,1980
1779992227.664874400,113.95,1980
1779992227.789687998,113.95,1980
1779992227.915401554,114.00,1980
1779992228.040262330,114.09,1980
1779992228.165408564,114.20,1980
1779992228.290775784,114.33,1980
1779992228.416184074,114.53,1980
1779992228.541216652,114.70,1980
1779992228.666260378,114.89,1980
1779992228.791441688,115.08,1980
1779992228.916086042,115.21,1980
1779992229.041055626,115.25,1980
1779992229.166012174,115.29,1980
1779992229.291632232,115.29,1980
1779992229.417533857,115.25,1980
1779992229.543254090,115.19,1980
1779992229.669270512,115.13,1980
1779992229.795315709,115.08,1980
1779992229.921235956,115.07,1980
1779992230.047339439,115.14,1980
1779992230.173267322,115.16,1980
1779992230.299379328,115.16,1980
1779992230.425436362,115.23,1980
1779992230.551441721,115.30,1980
1779992230.677770665,115.42,1980
1779992230.803960856,115.57,1980
1779992230.929812271,115.76,1980
1779992231.055794996,116.00,1980
1779992231.181685623,116.21,1980
1779992231.308444729,121.66,1980
1779992231.436154234,121.51,1980
1779992231.562501464,121.51,1980
1779992231.688952110,121.24,1980
1779992231.815790497,121.33,1980
1779992231.947979677,121.24,1980
1779992232.074913333,120.87,1980
1779992232.202917777,122.68,1980
1779992232.331316030,138.90,1980
1779992232.459064783,158.85,1980
1779992232.586292293,176.66,1980
1779992232.714410133,194.77,1980
1779992232.841971961,208.70,1980
1779992232.971362821,222.55,1980
1779992233.101040279,243.93,1980
1779992233.231266900,260.43,1980
1779992233.361230561,265.03,1980
1779992233.491393936,269.82,1980
1779992233.621190375,277.34,1980
1779992233.751136799,281.65,1980
1779992233.880655803,291.88,1980
1779992234.010067355,299.65,1980
1779992234.140493917,301.05,1980
1779992234.270048959,300.78,1980
1779992234.399669419,299.99,1980
1779992234.529216323,298.98,1980
1779992234.659101329,297.71,1980
1779992234.788994206,298.64,1980
1779992234.918431509,297.45,1980
1779992235.048399486,296.50,1980
1779992235.178296128,295.41,1980
1779992235.308467797,294.93,1980
1779992235.438103062,297.04,1980
1779992235.568239696,298.98,1980
1779992235.698006853,298.85,1980
1779992235.827292006,298.14,1980
1779992235.957859597,299.52,1980
1779992236.087269807,299.71,1980
1779992236.217670883,302.38,1980
1779992236.346857009,301.77,1980
1779992236.477078064,303.24,1980
1779992236.606825357,301.68,1980
1779992236.736299925,301.86,1980
1779992236.865580767,302.31,1980
1779992236.995791101,301.17,1980
1779992237.125875633,300.89,1980
1779992237.255503355,300.18,1980
1779992237.384435839,298.29,1980
1779992237.514216814,295.69,1980
1779992237.643624413,295.90,1980
1779992237.773491760,296.99,1980
1779992237.903673129,297.89,1980
1779992238.034038393,296.87,1980
