1779985109.725631161,69.40,345
1779985109.854794276,69.18,345
1779985109.983330447,68.97,345
1779985110.117590972,68.79,345
1779985110.276747381,68.70,345
1779985110.405451314,68.67,345
1779985110.533998963,68.71,345
1779985110.662345620,68.79,345
1779985110.789377971,68.90,345
1779985110.917063520,69.09,345
1779985111.047244821,69.32,345
1779985111.174781956,69.50,345
1779985111.302358874,69.70,345
1779985111.429368099,69.81,345
1779985111.556950148,69.87,345
1779985111.684481294,69.84,345
1779985111.812075504,69.76,345
1779985111.939259982,69.55,345
1779985112.067049767,69.33,345
1779985112.195094902,69.08,345
1779985112.323249307,68.89,345
1779985112.458665640,68.75,345
1779985112.600041453,68.70,345
1779985112.727430790,68.70,345
1779985112.855116896,68.74,345
1779985112.983264835,68.84,345
1779985113.110702787,68.99,345
1779985113.238627359,69.20,345
1779985113.366604643,69.39,345
1779985113.495233724,69.62,345
1779985113.642678662,69.76,345
1779985113.789850290,69.87,345
1779985113.931860745,69.88,345
1779985114.080946363,69.78,345
1779985114.222860359,69.55,345
1779985114.352329314,69.35,345
1779985114.480691825,69.11,345
1779985114.609510772,68.94,345
1779985114.737120656,68.83,345
1779985114.864639875,68.75,345
1779985114.992345570,68.74,345
1779985115.122083250,68.77,345
1779985115.249474148,68.88,345
1779985115.377337190,69.03,345
1779985115.506130859,69.21,345
1779985115.634193427,69.38,345
1779985115.761851112,69.58,345
1779985115.889712764,69.76,345
1779985116.016942929,69.84,345
1779985116.145067966,69.87,345
1779985116.273197737,69.82,345
1779985116.400825998,69.67,345
1779985116.528452650,69.50,345
1779985116.656277675,69.27,345
1779985116.785003871,69.03,345
1779985116.912909445,68.86,345
1779985117.040835248,68.77,345
1779985117.168861958,68.72,345
1779985117.296295159,68.73,345
1779985117.424707037,68.80,345
1779985117.552561141,68.89,345
1779985117.679986614,69.05,345
1779985117.807991641,69.24,345
1779985117.936026027,69.43,345
1779985118.063972793,69.66,345
1779985118.191343256,69.82,345
1779985118.318561756,69.91,345
1779985118.446061680,69.91,345
1779985118.574076681,69.84,345
1779985118.701699024,69.68,345
1779985118.830294588,69.46,345
1779985118.958012503,69.24,345
1779985119.085320749,69.02,345
1779985119.212377270,68.86,345
1779985119.339325188,68.74,345
1779985119.466410304,68.70,345
1779985119.594033651,68.73,345
1779985119.721698790,68.82,345
1779985119.848981328,68.94,345
1779985119.976233244,69.08,345
1779985120.103992360,69.27,345
1779985120.231455674,69.47,345
1779985120.359004130,69.69,345
1779985120.486523598,69.85,345
1779985120.614198170,69.90,345
1779985120.745535460,69.91,345
1779985120.873369907,69.81,345
1779985121.000801798,69.64,345
1779985121.127855783,69.42,345
1779985121.256029463,69.19,345
1779985121.383476994,68.98,345
1779985121.511205702,68.83,345
1779985121.638741679,68.73,345
1779985121.766538098,68.71,345
1779985121.894245687,68.75,345
1779985122.022656417,68.83,345
1779985122.150434377,68.92,345
1779985122.278113427,69.08,345
1779985122.406037751,69.25,345
1779985122.533808659,69.44,345
1779985122.661355490,69.68,345
1779985122.789043977,69.79,345
1779985122.917151643,69.85,345
1779985123.044741931,69.85,345
1779985123.172339708,69.75,345
1779985123.299524340,69.56,345
1779985123.427584651,69.33,345
1779985123.555308095,69.16,345
1779985123.683083031,68.92,345
1779985123.812435515,68.74,345
1779985123.940104333,68.67,345
1779985124.067726413,68.66,345
1779985124.194892449,68.71,345
1779985124.322092935,68.81,345
1779985124.449597644,68.93,345
1779985124.578180036,69.11,345
1779985124.705839712,69.29,345
1779985124.833198640,69.50,345
1779985124.960948085,69.70,345
1779985125.090969311,69.84,345
1779985125.218764043,69.91,345
1779985125.347184829,69.85,345
1779985125.475400825,69.74,345
1779985125.602943966,69.54,345
1779985125.730075621,69.34,345
1779985125.857267267,69.12,345
1779985125.984604735,68.90,345
1779985126.112185426,68.74,345
1779985126.240004865,68.69,345
1779985126.367746605,68.70,345
1779985126.495544932,68.76,345
1779985126.623342702,68.87,345
1779985126.753763625,68.99,345
1779985126.881584173,69.19,345
1779985127.009436170,69.39,345
1779985127.137792753,69.59,345
1779985127.265404276,69.76,345
1779985127.392799260,69.85,345
1779985127.520449259,69.90,345
1779985127.647978541,69.85,345
1779985127.775777114,69.74,345
1779985127.903829262,69.53,345
1779985128.031529319,69.31,345
1779985128.159554223,69.05,345
1779985128.287086953,68.89,345
1779985128.414920543,68.79,345
1779985128.542480313,68.75,345
1779985128.670184739,68.75,345
1779985128.797882636,68.82,345
1779985128.925782377,68.92,345
1779985129.053348355,69.07,345
1779985129.181156772,69.26,345
1779985129.308914531,69.45,345
1779985129.437813396,69.63,345
1779985129.565554558,69.83,345
1779985129.693272295,69.89,345
1779985129.822654204,69.88,345
1779985129.951345162,69.80,345
1779985130.078647390,69.62,345
1779985130.206464511,69.40,345
1779985130.335328896,69.22,345
1779985130.462791286,68.97,345
1779985130.590057512,68.81,345
1779985130.717348207,68.75,345
1779985130.845252423,68.70,345
1779985130.972889098,68.73,345
1779985131.100662435,68.82,345
1779985131.229103650,68.95,345
1779985131.356437055,69.09,345
1779985131.483603136,69.30,345
1779985131.610754696,69.50,345
1779985131.738223891,69.71,345
1779985131.865758648,69.84,345
1779985131.993496273,69.90,345
1779985132.121506058,69.88,345
1779985132.249686456,69.78,345
1779985132.377330109,69.59,345
1779985132.506742607,69.37,345
1779985132.634443295,69.16,345
1779985132.762143839,68.91,345
1779985132.891590228,68.79,345
1779985133.019463668,68.72,345
1779985133.146944780,68.71,345
1779985133.274108371,68.75,345
1779985133.402087117,68.86,345
1779985133.530063354,68.97,345
1779985133.658144529,69.16,345
1779985133.785779257,69.34,345
1779985133.913452881,69.55,345
1779985134.041370675,69.72,345
1779985134.170313583,69.85,345
1779985134.298105494,69.90,345
1779985134.425876903,69.85,345
1779985134.554369442,69.72,345
1779985134.681735571,69.53,345
1779985134.810083008,69.29,345
1779985134.943307143,69.09,345
1779985135.070906314,68.89,345
1779985135.198788906,68.77,345
1779985135.326123491,68.73,345
1779985135.453777298,68.74,345
1779985135.581647711,68.80,345
1779985135.709562300,68.89,345
1779985135.837207325,69.01,345
1779985135.964835108,69.20,345
1779985136.092804900,69.41,345
1779985136.220444774,69.64,345
1779985136.347629829,69.75,345
1779985136.475002746,69.82,345
1779985136.602353653,69.87,345
1779985136.729508770,69.79,345
1779985136.858095651,69.66,345
1779985136.985958956,69.44,345
1779985137.113546734,69.24,345
1779985137.243902870,68.97,345
1779985137.371861353,68.83,345
1779985137.499434894,68.76,345
1779985137.627434760,68.71,345
1779985137.755470015,68.73,345
1779985137.883583156,68.79,345
1779985138.011737905,68.90,345
1779985138.139491206,69.10,345
1779985138.268082198,69.29,345
1779985138.395847650,69.49,345
1779985138.523467255,69.65,345
1779985138.651840716,69.79,345
1779985138.779874268,69.86,345
1779985138.907485903,69.84,345
1779985139.035581273,69.76,345
1779985139.163765134,69.57,345
1779985139.291884699,69.35,345
1779985139.419593608,69.08,345
1779985139.547504206,68.90,345
1779985139.675990283,68.81,345
1779985139.804195182,68.73,345
1779985139.931948146,68.70,345
1779985140.060104140,68.74,345
1779985140.188375155,68.82,345
1779985140.315895966,68.93,345
1779985140.444153731,69.13,345
1779985140.572265582,69.32,345
1779985140.700544444,69.53,345
1779985140.829013224,69.68,345
1779985140.958044694,69.80,345
1779985141.086008759,69.86,345
1779985141.213718890,69.81,345
1779985141.341588566,69.70,345
1779985141.480597268,69.47,345
1779985141.660426161,73.70,1980
1779985141.786118785,78.96,1980
1779985141.912253745,83.99,1980
1779985142.037510111,89.25,1980
1779985142.163294121,95.44,1980
1779985142.289205686,101.44,1980
1779985142.414136325,106.18,1980
1779985142.539783146,112.54,1980
1779985142.665419910,114.53,1980
1779985142.790975723,114.73,1980
1779985142.915956838,114.97,1980
1779985143.042438815,115.18,1980
1779985143.167816438,115.33,1980
1779985143.293376218,115.39,1980
1779985143.418836868,115.42,1980
1779985143.544474855,115.33,1980
1779985143.669730068,115.16,1980
1779985143.794613667,114.96,1980
1779985143.921018697,114.70,1980
1779985144.046446332,114.39,1980
1779985144.171048590,114.14,1980
1779985144.295723300,115.61,1980
1779985144.422085505,120.46,1980
1779985144.548270183,124.66,1980
1779985144.672892226,129.30,1980
1779985144.799166528,134.07,1980
1779985144.923444650,138.57,1980
1779985145.050019323,143.91,1980
1779985145.175239821,147.79,1980
1779985145.301183462,149.46,1980
1779985145.426414210,150.57,1980
1779985145.551627585,151.07,1980
1779985145.676838122,150.66,1980
1779985145.801030689,151.07,1980
1779985145.927139921,150.49,1980
1779985146.051327678,149.99,1980
1779985146.176881272,151.23,1980
1779985146.301253267,152.21,1980
1779985146.427776625,151.55,1980
1779985146.551762648,150.99,1980
1779985146.678214720,151.45,1980
1779985146.802716125,151.04,1980
1779985146.929120724,152.38,1980
1779985147.053359609,151.44,1980
1779985147.179098869,152.15,1980
1779985147.304476668,151.23,1980
1779985147.429454535,151.90,1980
1779985147.554755795,152.92,1980
