69.83, 345
69.83, 345
69.90, 345
69.89, 345
69.82, 345
69.73, 345
69.59, 345
69.42, 345
69.24, 345
69.08, 345
68.88, 345
68.79, 345
68.71, 345
68.71, 345
68.71, 345
68.74, 345
68.81, 345
68.87, 345
68.96, 345
69.08, 345
69.23, 345
69.40, 345
69.54, 345
69.66, 345
69.79, 345
69.83, 345
69.83, 345
69.80, 345
69.71, 345
69.58, 345
69.43, 345
69.23, 345
69.07, 345
68.90, 345
68.79, 345
68.72, 345
68.70, 345
68.69, 345
68.72, 345
68.77, 345
68.84, 345
68.94, 345
69.08, 345
69.24, 345
69.40, 345
69.56, 345
69.71, 345
69.81, 345
69.85, 345
69.88, 345
69.84, 345
69.76, 345
69.62, 345
69.46, 345
69.25, 345
69.09, 345
68.93, 345
68.80, 345
68.72, 345
68.68, 345
68.68, 345
68.69, 345
68.75, 345
68.82, 345
68.92, 345
69.05, 345
69.20, 345
69.39, 345
69.56, 345
69.69, 345
69.79, 345
69.85, 345
69.85, 345
69.83, 345
69.75, 345
69.62, 345
69.47, 345
69.28, 345
69.07, 345
68.92, 345
68.81, 345
68.72, 345
68.68, 345
68.67, 345
68.70, 345
68.75, 345
68.83, 345
68.92, 345
69.08, 345
69.22, 345
69.38, 345
69.54, 345
69.68, 345
69.78, 345
69.85, 345
69.89, 345
69.85, 345
69.77, 345
69.64, 345
69.47, 345
69.27, 345
69.07, 345
68.94, 345
68.83, 345
68.74, 345
68.71, 345
68.71, 345
68.72, 345
68.77, 345
68.86, 345
68.96, 345
69.10, 345
69.26, 345
69.39, 345
69.54, 345
69.68, 345
69.78, 345
69.86, 345
69.86, 345
69.83, 345
69.74, 345
69.61, 345
69.42, 345
69.25, 345
69.07, 345
68.95, 345
68.83, 345
68.74, 345
68.68, 345
68.66, 345
68.69, 345
68.75, 345
68.82, 345
68.93, 345
69.07, 345
69.18, 345
69.35, 345
69.51, 345
69.65, 345
69.74, 345
69.83, 345
69.84, 345
69.80, 345
69.72, 345
69.58, 345
69.42, 345
69.25, 345
68.94, 345
68.83, 345
68.76, 345
68.70, 345
68.70, 345
68.73, 345
68.78, 345
68.87, 345
68.98, 345
69.10, 345
69.24, 345
69.39, 345
69.52, 345
69.66, 345
69.79, 345
69.83, 345
69.85, 345
69.81, 345
69.71, 345
69.58, 345
69.45, 345
69.25, 345
69.07, 345
68.93, 345
68.80, 345
68.73, 345
68.70, 345
68.70, 345
68.74, 345
68.79, 345
68.87, 345
68.98, 345
69.09, 345
69.22, 345
69.37, 345
69.54, 345
69.65, 345
69.77, 345
69.84, 345
69.84, 345
69.81, 345
69.71, 345
69.59, 345
69.45, 345
69.25, 345
69.09, 345
68.92, 345
68.80, 345
68.71, 345
68.67, 345
68.68, 345
68.71, 345
68.77, 345
68.86, 345
68.94, 345
69.09, 345
69.25, 345
69.41, 345
69.55, 345
69.70, 345
69.81, 345
69.89, 345
69.88, 345
69.83, 345
69.74, 345
69.62, 345
69.43, 345
69.25, 345
69.07, 345
68.89, 345
68.78, 345
68.72, 345
68.70, 345
68.69, 345
68.74, 345
68.79, 345
68.86, 345
68.96, 345
69.08, 345
69.24, 345
69.38, 345
69.55, 345
69.68, 345
69.81, 345
69.87, 345
69.86, 345
69.82, 345
69.74, 345
69.61, 345
69.47, 345
69.26, 345
69.11, 345
68.92, 345
68.77, 345
68.71, 345
68.66, 345
68.68, 345
68.71, 345
68.75, 345
68.83, 345
68.93, 345
69.06, 345
69.22, 345
69.38, 345
69.54, 345
69.69, 345
69.79, 345
69.86, 345
69.89, 345
69.86, 345
69.78, 345
69.64, 345
69.46, 345
69.27, 345
69.09, 345
68.95, 345
68.81, 345
68.74, 345
68.70, 345
68.69, 345
68.72, 345
68.77, 345
68.85, 345
68.95, 345
69.10, 345
69.26, 345
69.42, 345
69.58, 345
69.71, 345
69.79, 345
69.85, 345
69.88, 345
69.82, 345
69.74, 345
69.59, 345
69.42, 345
69.25, 345
69.06, 345
68.89, 345
68.79, 345
68.72, 345
68.70, 345
68.71, 345
68.73, 345
68.78, 345
68.84, 345
68.95, 345
69.09, 345
69.26, 345
69.40, 345
69.54, 345
69.68, 345
69.78, 345
69.84, 345
69.86, 345
69.84, 345
69.74, 345
69.61, 345
69.45, 345
69.25, 345
69.08, 345
68.90, 345
68.81, 345
68.74, 345
68.74, 345
68.69, 345
70.01, 1980
74.74, 1980
79.33, 1980
83.96, 1980
88.61, 1980
93.29, 1980
97.97, 1980
103.31, 1980
107.26, 1980
111.90, 1980
116.03, 1980
115.95, 1980
115.93, 1980
115.83, 1980
115.72, 1980
115.56, 1980
115.40, 1980
115.24, 1980
115.11, 1980
115.00, 1980
114.94, 1980
114.92, 1980
114.93, 1980
114.90, 1980
114.85, 1980
114.80, 1980
114.81, 1980
116.72, 1980
119.38, 1980
122.98, 1980
126.28, 1980
129.65, 1980
133.56, 1980
136.61, 1980
140.58, 1980
144.77, 1980
147.85, 1980
150.16, 1980
151.09, 1980
150.79, 1980
151.10, 1980
151.39, 1980
151.14, 1980
150.57, 1980
150.58, 1980
150.69, 1980
151.06, 1980
150.16, 1980
150.80, 1980
150.54, 1980
150.52, 1980
149.90, 1980
150.03, 1980
150.53, 1980
150.18, 1980
149.87, 1980
149.82, 1980
150.02, 1980
150.32, 1980
149.95, 1980
150.27, 1980
150.41, 1980
150.68, 1980
150.84, 1980
150.52, 1980
149.97, 1980
151.14, 1980
151.02, 1980
149.77, 1980
150.03, 1980
150.41, 1980
149.40, 1980
149.26, 1980
149.53, 1980
150.04, 1980
150.89, 1980
150.29, 1980
150.31, 1980
150.77, 1980
150.93, 1980
150.79, 1980
150.88, 1980
150.57, 1980
150.90, 1980
150.41, 1980
150.95, 1980
150.88, 1980
151.11, 1980
150.60, 1980
150.28, 1980
149.87, 1980
150.47, 1980
151.22, 1980
150.21, 1980
150.21, 1980
150.24, 1980
150.48, 1980
149.73, 1980
150.40, 1980
150.87, 1980
150.92, 1980
151.35, 1980
150.84, 1980
151.22, 1980
151.48, 1980
151.51, 1980
151.93, 1980
152.47, 1980
152.25, 1980
152.07, 1980
151.88, 1980
151.76, 1980
151.52, 1980
151.21, 1980
151.18, 1980
151.22, 1980
150.58, 1980
151.12, 1980
150.89, 1980
150.99, 1980
149.69, 1980
149.28, 1980
149.70, 1980
149.57, 1980
150.15, 1980
151.06, 1980
150.94, 1980
150.62, 1980
150.47, 1980
150.76, 1980
151.32, 1980
151.09, 1980
152.12, 1980
151.14, 1980
150.46, 1980
150.20, 1980
149.99, 1980
150.04, 1980
149.85, 1980
149.58, 1980
149.72, 1980
149.70, 1980
149.93, 1980
150.10, 1980
150.45, 1980
150.36, 1980
150.77, 1980
151.48, 1980
151.97, 1980
152.15, 1980
152.41, 1980
151.97, 1980
151.04, 1980
151.12, 1980
150.92, 1980
150.84, 1980
150.01, 1980
153.17, 1980
158.21, 1980
163.42, 1980
169.17, 1980
175.11, 1980
180.68, 1980
186.59, 1980
193.07, 1980
200.34, 1980
205.76, 1980
207.61, 1980
207.71, 1980
207.05, 1980
207.34, 1980
206.88, 1980
206.92, 1980
206.29, 1980
205.56, 1980
205.25, 1980
206.03, 1980
205.60, 1980
206.18, 1980
207.23, 1980
207.28, 1980
207.55, 1980
208.04, 1980
208.95, 1980
208.99, 1980
209.02, 1980
208.81, 1980
210.00, 1980
210.31, 1980
210.59, 1980
210.89, 1980
211.38, 1980
211.02, 1980
210.18, 1980
210.76, 1980
210.50, 1980
209.74, 1980
209.38, 1980
209.10, 1980
208.76, 1980
208.44, 1980
207.60, 1980
208.10, 1980
208.62, 1980
208.52, 1980
208.62, 1980
209.54, 1980
210.04, 1980
210.05, 1980
210.43, 1980
210.03, 1980
210.29, 1980
210.68, 1980
210.60, 1980
210.92, 1980
211.05, 1980
211.17, 1980
210.78, 1980
211.78, 1980
211.40, 1980
212.23, 1980
212.18, 1980
211.53, 1980
211.23, 1980
209.96, 1980
209.10, 1980
208.64, 1980
207.74, 1980
206.77, 1980
206.79, 1980
206.07, 1980
205.93, 1980
205.79, 1980
205.71, 1980
206.55, 1980
207.04, 1980
207.04, 1980
207.18, 1980
207.39, 1980
207.57, 1980
207.90, 1980
208.63, 1980
209.26, 1980
209.68, 1980
210.07, 1980
210.72, 1980
211.10, 1980
211.97, 1980
211.65, 1980
210.77, 1980
210.51, 1980
209.95, 1980
208.80, 1980
208.24, 1980
208.04, 1980
207.20, 1980
206.67, 1980
206.59, 1980
206.76, 1980
206.60, 1980
207.24, 1980
207.49, 1980
206.86, 1980
206.47, 1980
206.22, 1980
206.48, 1980
206.62, 1980
205.74, 1980
205.97, 1980
206.19, 1980
206.13, 1980
206.26, 1980
207.09, 1980
208.43, 1980
209.12, 1980
209.78, 1980
210.64, 1980
211.03, 1980
211.44, 1980
211.65, 1980
211.92, 1980
211.65, 1980
210.92, 1980
210.85, 1980
209.91, 1980
209.06, 1980
208.29, 1980
208.49, 1980
208.05, 1980
207.75, 1980
207.97, 1980
207.72, 1980
208.78, 1980
208.50, 1980
209.34, 1980
209.73, 1980
210.24, 1980
210.78, 1980
211.02, 1980
211.22, 1980
211.05, 1980
211.28, 1980
211.30, 1980
211.91, 1980
211.52, 1980
211.45, 1980
211.16, 1980
209.98, 1980
209.45, 1980
209.26, 1980
208.50, 1980
207.70, 1980
206.76, 1980
205.32, 1980
204.45, 1980
203.88, 1980
203.88, 1980
203.97, 1980
204.02, 1980
203.91, 1980
205.08, 1980
205.93, 1980
206.45, 1980
207.34, 1980
207.70, 1980
208.91, 1980
209.63, 1980
210.23, 1980
210.64, 1980
211.04, 1980
210.40, 1980
210.19, 1980
210.27, 1980
210.94, 1980
210.83, 1980
209.73, 1980
209.96, 1980
209.98, 1980
208.95, 1980
208.08, 1980
208.67, 1980
209.18, 1980
209.27, 1980
208.20, 1980
208.44, 1980
209.04, 1980
208.23, 1980
208.33, 1980
209.28, 1980
210.09, 1980
210.47, 1980
210.05, 1980
210.90, 1980
210.99, 1980
211.10, 1980
211.67, 1980
212.52, 1980
212.37, 1980
211.96, 1980
211.60, 1980
210.69, 1980
201.65, 1980
191.23, 1980
182.42, 1980
172.20, 1980
162.24, 1980
152.16, 1980
