116.86, 1980
118.54, 1980
119.10, 1980
119.62, 1980
120.10, 1980
120.53, 1980
121.01, 1980
121.28, 1980
121.68, 1980
121.75, 1980
121.55, 1980
120.25, 1980
120.02, 1980
119.82, 1980
119.67, 1980
119.54, 1980
119.45, 1980
119.38, 1980
119.37, 1980
118.00, 705
113.25, 660
108.47, 660
103.69, 600
99.29, 600
94.09, 540
89.29, 540
84.46, 495
79.64, 495
74.82, 450
71.47, 450
71.33, 420
71.32, 420
71.34, 375
71.34, 375
71.28, 345
71.21, 345
71.11, 345
70.97, 345
70.80, 345
70.59, 345
70.38, 345
70.17, 345
69.93, 345
69.73, 345
69.55, 345
69.43, 345
69.32, 345
69.26, 345
69.21, 345
69.21, 345
69.21, 345
69.22, 345
69.24, 345
69.27, 345
69.33, 345
69.37, 345
69.42, 345
69.51, 345
69.62, 345
69.74, 345
69.89, 345
70.06, 345
70.22, 345
70.35, 345
70.43, 345
70.48, 345
70.50, 345
70.47, 345
70.40, 345
70.28, 345
70.11, 345
69.93, 345
69.75, 345
69.56, 345
69.39, 345
69.30, 345
69.22, 345
69.18, 345
69.12, 345
69.11, 345
69.12, 345
69.12, 345
69.15, 345
69.19, 345
69.26, 345
69.31, 345
69.36, 345
69.46, 345
69.58, 345
69.74, 345
69.91, 345
70.07, 345
70.23, 345
70.34, 345
70.43, 345
70.46, 345
70.46, 345
70.40, 345
70.28, 345
70.11, 345
69.93, 345
69.72, 345
69.54, 345
69.35, 345
69.25, 345
69.15, 345
69.09, 345
69.06, 345
69.04, 345
69.06, 345
69.09, 345
69.11, 345
69.16, 345
69.20, 345
69.28, 345
69.34, 345
69.43, 345
69.56, 345
69.67, 345
69.83, 345
69.99, 345
70.14, 345
70.25, 345
70.34, 345
70.35, 345
70.32, 345
70.25, 345
70.11, 345
69.98, 345
69.81, 345
69.62, 345
69.44, 345
69.25, 345
69.15, 345
69.05, 345
69.01, 345
68.98, 345
68.99, 345
69.00, 345
69.04, 345
69.08, 345
69.12, 345
69.19, 345
69.27, 345
69.36, 345
69.49, 345
69.61, 345
69.75, 345
69.92, 345
70.07, 345
70.19, 345
70.27, 345
70.33, 345
70.32, 345
70.25, 345
70.12, 345
69.99, 345
69.83, 345
69.62, 345
69.47, 345
69.28, 345
69.14, 345
69.04, 345
68.98, 345
68.95, 345
68.96, 345
68.97, 345
68.99, 345
69.02, 345
69.06, 345
69.12, 345
69.19, 345
69.29, 345
69.42, 345
69.55, 345
69.67, 345
69.84, 345
70.00, 345
70.11, 345
70.20, 345
70.24, 345
70.24, 345
70.19, 345
70.07, 345
69.91, 345
69.75, 345
69.60, 345
69.39, 345
69.25, 345
69.14, 345
69.03, 345
68.97, 345
68.92, 345
68.91, 345
68.93, 345
68.96, 345
68.99, 345
69.02, 345
69.09, 345
69.16, 345
69.26, 345
69.40, 345
69.57, 345
69.73, 345
69.91, 345
70.03, 345
70.13, 345
70.19, 345
70.22, 345
70.18, 345
70.12, 345
69.99, 345
69.79, 345
69.60, 345
69.40, 345
69.28, 345
69.12, 345
69.01, 345
68.95, 345
68.90, 345
68.89, 345
68.89, 345
68.91, 345
68.94, 345
68.99, 345
69.05, 345
69.11, 345
69.19, 345
69.32, 345
69.45, 345
69.61, 345
69.79, 345
69.95, 345
70.07, 345
70.17, 345
70.19, 345
70.17, 345
70.13, 345
70.01, 345
69.86, 345
69.67, 345
69.49, 345
69.33, 345
69.18, 345
69.04, 345
68.97, 345
68.93, 345
68.89, 345
68.89, 345
68.90, 345
68.93, 345
68.98, 345
69.03, 345
69.10, 345
69.20, 345
69.32, 345
69.44, 345
69.58, 345
69.76, 345
69.88, 345
70.01, 345
70.09, 345
70.14, 345
70.13, 345
70.04, 345
69.93, 345
69.79, 345
69.63, 345
69.47, 345
69.27, 345
69.15, 345
69.04, 345
68.95, 345
68.89, 345
68.86, 345
68.86, 345
68.88, 345
68.90, 345
68.94, 345
69.01, 345
69.07, 345
69.17, 345
69.29, 345
69.45, 345
69.61, 345
69.79, 345
69.93, 345
70.03, 345
70.11, 345
70.14, 345
70.11, 345
70.06, 345
69.93, 345
69.79, 345
69.60, 345
69.40, 345
69.20, 345
69.06, 345
68.96, 345
68.91, 345
68.86, 345
68.82, 345
68.83, 345
68.84, 345
68.86, 345
68.92, 345
69.00, 345
69.10, 345
69.18, 345
69.30, 345
69.50, 345
69.50, 345
71.06, 1980
75.86, 1980
80.47, 1980
85.39, 1980
89.61, 1980
94.10, 1980
98.55, 1980
103.61, 1980
107.31, 1980
111.67, 1980
115.66, 1980
115.39, 1980
115.32, 1980
115.24, 1980
115.17, 1980
115.17, 1980
115.15, 1980
115.20, 1980
115.27, 1980
115.33, 1980
115.43, 1980
115.51, 1980
115.61, 1980
115.69, 1980
115.76, 1980
115.76, 1980
115.84, 1980
115.83, 1980
115.83, 1980
115.77, 1980
115.69, 1980
115.54, 1980
115.37, 1980
115.14, 1980
114.99, 1980
114.83, 1980
114.61, 1980
114.49, 1980
114.37, 1980
114.27, 1980
114.18, 1980
114.14, 1980
114.13, 1980
114.15, 1980
114.18, 1980
114.25, 1980
114.33, 1980
114.40, 1980
114.48, 1980
114.61, 1980
114.75, 1980
114.92, 1980
115.08, 1980
115.22, 1980
115.36, 1980
115.42, 1980
115.43, 1980
115.41, 1980
115.34, 1980
115.21, 1980
115.06, 1980
114.88, 1980
114.67, 1980
114.51, 1980
114.39, 1980
114.27, 1980
114.20, 1980
114.17, 1980
114.15, 1980
114.17, 1980
114.18, 1980
114.22, 1980
114.29, 1980
114.36, 1980
114.46, 1980
114.60, 1980
114.75, 1980
114.89, 1980
115.06, 1980
115.21, 1980
115.35, 1980
115.45, 1980
115.50, 1980
115.51, 1980
115.45, 1980
115.33, 1980
115.19, 1980
115.02, 1980
114.86, 1980
114.69, 1980
114.52, 1980
114.41, 1980
114.31, 1980
114.26, 1980
114.22, 1980
114.23, 1980
114.25, 1980
114.28, 1980
114.34, 1980
114.42, 1980
114.51, 1980
114.61, 1980
114.74, 1980
114.90, 1980
115.10, 1980
115.26, 1980
115.40, 1980
115.49, 1980
115.56, 1980
115.56, 1980
115.52, 1980
115.44, 1980
115.31, 1980
115.13, 1980
114.93, 1980
114.76, 1980
114.59, 1980
114.44, 1980
114.36, 1980
114.29, 1980
114.25, 1980
114.25, 1980
114.26, 1980
114.30, 1980
114.63, 1980
124.15, 1980
124.46, 1980
124.80, 1980
124.75, 1980
124.88, 1980
125.04, 1980
125.43, 1980
125.59, 1980
126.44, 1980
127.26, 1980
117.65, 1980
117.42, 1980
117.28, 1980
117.13, 1980
117.01, 1980
116.83, 1980
116.62, 1980
116.44, 1980
116.27, 1980
114.43, 1980
114.34, 1980
114.29, 1980
114.28, 1980
114.31, 1980
114.34, 1980
114.39, 1980
114.45, 1980
114.53, 1980
114.63, 1980
114.75, 1980
114.90, 1980
115.06, 1980
115.23, 1980
115.38, 1980
115.49, 1980
115.59, 1980
115.63, 1980
115.64, 1980
115.59, 1980
115.49, 1980
115.32, 1980
115.13, 1980
114.96, 1980
114.74, 1980
114.59, 1980
114.48, 1980
114.39, 1980
114.34, 1980
114.30, 1980
114.30, 1980
114.34, 1980
114.37, 1980
114.42, 1980
114.50, 1980
114.59, 1980
114.70, 1980
114.84, 1980
114.97, 1980
115.14, 1980
115.28, 1980
115.44, 1980
115.52, 1980
115.60, 1980
115.62, 1980
115.55, 1980
115.47, 1980
115.32, 1980
115.18, 1980
115.00, 1980
114.80, 1980
114.63, 1980
114.51, 1980
114.38, 1980
114.32, 1980
114.30, 1980
114.30, 1980
114.34, 1980
114.38, 1980
114.43, 1980
114.50, 1980
114.58, 1980
114.69, 1980
114.82, 1980
114.98, 1980
115.13, 1980
115.31, 1980
115.42, 1980
115.52, 1980
115.62, 1980
115.61, 1980
115.60, 1980
115.54, 1980
115.41, 1980
115.24, 1980
115.08, 1980
114.87, 1980
114.72, 1980
114.55, 1980
114.44, 1980
114.36, 1980
114.32, 1980
114.29, 1980
114.31, 1980
114.34, 1980
114.38, 1980
114.44, 1980
114.52, 1980
114.61, 1980
114.71, 1980
114.86, 1980
114.98, 1980
115.15, 1980
115.31, 1980
115.41, 1980
115.53, 1980
115.57, 1980
115.56, 1980
115.51, 1980
115.41, 1980
115.27, 1980
115.11, 1980
114.94, 1980
114.77, 1980
114.62, 1980
114.46, 1980
114.37, 1980
114.31, 1980
114.30, 1980
114.31, 1980
114.33, 1980
114.37, 1980
114.41, 1980
114.49, 1980
114.57, 1980
114.67, 1980
114.81, 1980
114.97, 1980
116.45, 1980
121.99, 1980
125.59, 1980
131.25, 1980
138.21, 1980
142.03, 1980
142.04, 1980
142.50, 1980
141.84, 1980
141.68, 1980
140.64, 1980
135.10, 1980
131.18, 1980
125.45, 1980
118.31, 1980
114.40, 1980
114.35, 1980
114.33, 1980
114.35, 1980
114.37, 1980
114.42, 1980
114.49, 1980
114.58, 1980
114.67, 1980
114.79, 1980
114.90, 1980
115.03, 1980
115.19, 1980
115.32, 1980
115.45, 1980
115.53, 1980
115.58, 1980
115.55, 1980
115.49, 1980
115.38, 1980
115.22, 1980
115.06, 1980
114.90, 1980
114.72, 1980
114.56, 1980
114.42, 1980
114.34, 1980
114.29, 1980
114.29, 1980
114.29, 1980
114.32, 1980
114.36, 1980
114.40, 1980
114.48, 1980
114.58, 1980
114.70, 1980
114.85, 1980
115.00, 1980
115.16, 1980
115.28, 1980
115.42, 1980
115.52, 1980
115.59, 1980
115.59, 1980
115.54, 1980
115.43, 1980
115.28, 1980
115.13, 1980
114.96, 1980
114.78, 1980
114.61, 1980
114.50, 1980
114.38, 1980
114.31, 1980
114.28, 1980
114.28, 1980
114.30, 1980
114.33, 1980
114.37, 1980
114.43, 1980
114.50, 1980
114.59, 1980
114.73, 1980
114.88, 1980
115.05, 1980
115.22, 1980
115.35, 1980
115.46, 1980
115.50, 1980
115.54, 1980
115.52, 1980
115.46, 1980
115.34, 1980
115.15, 1980
114.99, 1980
114.79, 1980
114.62, 1980
114.50, 1980
114.39, 1980
114.30, 1980
114.27, 1980
114.24, 1980
114.26, 1980
114.28, 1980
114.33, 1980
114.37, 1980
114.43, 1980
114.51, 1980
114.64, 1980
114.76, 1980
114.91, 1980
115.09, 1980
115.24, 1980
115.39, 1980
115.49, 1980
115.55, 1980
115.54, 1980
115.52, 1980
115.40, 1980
115.27, 1980
115.12, 1980
114.94, 1980
114.75, 1980
114.60, 1980
114.46, 1980
114.36, 1980
114.29, 1980
114.25, 1980
114.26, 1980
114.30, 1980
114.33, 1980
114.38, 1980
114.44, 1980
114.51, 1980
114.61, 1980
114.73, 1980
114.90, 1980
115.06, 1980
115.23, 1980
115.37, 1980
115.48, 1980
115.54, 1980
115.55, 1980
115.54, 1980
115.47, 1980
115.33, 1980
115.14, 1980
114.96, 1980
114.76, 1980
114.62, 1980
114.48, 1980
114.38, 1980
114.30, 1980
114.28, 1980
114.24, 1980
114.26, 1980
114.29, 1980
114.32, 1980
114.37, 1980
114.46, 1980
114.55, 1980
114.67, 1980
114.80, 1980
114.95, 1980
115.14, 1980
115.27, 1980
115.41, 1980
115.52, 1980
115.58, 1980
115.57, 1980
115.52, 1980
115.41, 1980
115.28, 1980
115.11, 1980
114.88, 1980
114.70, 1980
114.57, 1980
114.40, 1980
114.32, 1980
114.29, 1980
114.23, 1980
114.22, 1980
114.25, 1980
114.27, 1980
114.34, 1980
114.42, 1980
114.49, 1980
114.61, 1980
114.77, 1980
114.94, 1980
115.09, 1980
115.25, 1980
115.39, 1980
115.49, 1980
115.58, 1980
115.58, 1980
115.55, 1980
115.45, 1980
115.31, 1980
115.14, 1980
114.94, 1980
114.78, 1980
114.59, 1980
114.47, 1980
114.35, 1980
114.28, 1980
114.26, 1980
114.23, 1980
114.25, 1980
114.30, 1980
114.35, 1980
114.42, 1980
114.47, 1980
114.57, 1980
114.68, 1980
114.82, 1980
115.01, 1980
115.18, 1980
115.35, 1980
115.46, 1980
115.54, 1980
115.56, 1980
115.56, 1980
116.78, 1980
119.10, 1980
118.91, 1980
118.67, 1980
118.52, 1980
118.29, 1980
118.14, 1980
118.03, 1980
117.94, 1980
117.97, 1980
116.66, 1980
114.28, 1980
114.35, 1980
114.38, 1980
114.44, 1980
114.53, 1980
114.63, 1980
114.72, 1980
114.87, 1980
114.99, 1980
115.16, 1980
115.29, 1980
115.43, 1980
115.53, 1980
115.56, 1980
115.57, 1980
115.51, 1980
115.43, 1980
115.28, 1980
115.12, 1980
114.96, 1980
114.79, 1980
114.64, 1980
114.49, 1980
114.37, 1980
114.31, 1980
114.28, 1980
114.27, 1980
114.30, 1980
114.34, 1980
114.39, 1980
114.46, 1980
114.54, 1980
114.66, 1980
114.81, 1980
114.94, 1980
115.12, 1980
115.28, 1980
115.42, 1980
115.54, 1980
115.58, 1980
115.62, 1980
115.59, 1980
115.51, 1980
115.37, 1980
115.21, 1980
115.05, 1980
114.82, 1980
114.66, 1980
114.55, 1980
114.43, 1980
114.38, 1980
114.33, 1980
114.30, 1980
114.33, 1980
114.36, 1980
114.39, 1980
114.45, 1980
114.54, 1980
114.64, 1980
114.77, 1980
114.88, 1980
115.03, 1980
115.18, 1980
115.34, 1980
115.45, 1980
115.56, 1980
115.62, 1980
115.62, 1980
115.54, 1980
115.43, 1980
115.28, 1980
115.13, 1980
114.96, 1980
114.78, 1980
114.58, 1980
114.45, 1980
114.38, 1980
114.32, 1980
114.30, 1980
114.30, 1980
114.33, 1980
114.37, 1980
114.42, 1980
114.50, 1980
114.59, 1980
114.69, 1980
114.83, 1980
114.98, 1980
115.14, 1980
115.34, 1980
115.42, 1980
115.54, 1980
115.57, 1980
115.58, 1980
115.55, 1980
119.47, 1980
119.39, 1980
119.21, 1980
118.96, 1980
118.78, 1980
118.68, 1980
118.49, 1980
118.42, 1980
118.44, 1980
118.42, 1980
114.34, 1980
114.39, 1980
114.42, 1980
114.47, 1980
114.53, 1980
114.62, 1980
114.69, 1980
114.80, 1980
114.93, 1980
115.04, 1980
115.20, 1980
115.35, 1980
115.50, 1980
115.56, 1980
115.61, 1980
115.59, 1980
115.53, 1980
115.44, 1980
115.30, 1980
115.14, 1980
114.95, 1980
114.79, 1980
114.59, 1980
114.46, 1980
114.37, 1980
114.33, 1980
114.31, 1980
114.31, 1980
114.35, 1980
114.38, 1980
114.43, 1980
114.50, 1980
114.58, 1980
114.71, 1980
114.84, 1980
115.01, 1980
115.18, 1980
115.31, 1980
115.43, 1980
115.55, 1980
115.61, 1980
115.63, 1980
115.61, 1980
115.51, 1980
115.37, 1980
115.20, 1980
115.01, 1980
114.81, 1980
114.66, 1980
114.52, 1980
114.40, 1980
114.33, 1980
114.29, 1980
114.28, 1980
114.30, 1980
114.33, 1980
114.38, 1980
114.45, 1980
114.54, 1980
114.63, 1980
114.74, 1980
115.04, 1980
115.22, 1980
115.38, 1980
115.51, 1980
115.58, 1980
115.60, 1980
115.61, 1980
115.54, 1980
115.43, 1980
115.30, 1980
115.10, 1980
114.93, 1980
114.75, 1980
114.56, 1980
114.46, 1980
114.36, 1980
114.32, 1980
114.29, 1980
114.28, 1980
114.31, 1980
114.36, 1980
114.40, 1980
114.46, 1980
114.54, 1980
114.67, 1980
114.81, 1980
114.96, 1980
115.13, 1980
115.27, 1980
115.42, 1980
115.51, 1980
119.08, 1980
119.11, 1980
119.09, 1980
119.02, 1980
118.93, 1980
118.71, 1980
118.58, 1980
118.35, 1980
118.18, 1980
118.11, 1980
114.83, 1980
114.39, 1980
114.36, 1980
114.35, 1980
114.39, 1980
114.43, 1980
114.47, 1980
114.54, 1980
114.62, 1980
114.71, 1980
114.85, 1980
114.98, 1980
115.12, 1980
115.27, 1980
115.41, 1980
115.53, 1980
115.60, 1980
115.62, 1980
115.62, 1980
115.55, 1980
115.45, 1980
115.27, 1980
115.09, 1980
114.91, 1980
114.72, 1980
114.58, 1980
114.47, 1980
114.37, 1980
114.32, 1980
114.32, 1980
114.32, 1980
114.32, 1980
114.37, 1980
114.43, 1980
114.51, 1980
114.62, 1980
114.74, 1980
114.86, 1980
115.00, 1980
115.16, 1980
115.28, 1980
115.45, 1980
115.54, 1980
115.62, 1980
115.63, 1980
115.57, 1980
115.46, 1980
115.32, 1980
115.16, 1980
114.95, 1980
114.80, 1980
114.62, 1980
114.49, 1980
114.36, 1980
114.31, 1980
114.29, 1980
114.30, 1980
114.33, 1980
114.39, 1980
114.44, 1980
114.50, 1980
114.56, 1980
114.66, 1980
114.78, 1980
114.93, 1980
115.12, 1980
115.26, 1980
115.42, 1980
115.50, 1980
115.58, 1980
115.63, 1980
115.62, 1980
115.56, 1980
115.45, 1980
115.28, 1980
115.06, 1980
114.87, 1980
114.69, 1980
114.57, 1980
114.43, 1980
114.35, 1980
114.31, 1980
114.28, 1980
114.28, 1980
114.30, 1980
114.35, 1980
114.41, 1980
114.49, 1980
114.58, 1980
114.68, 1980
114.81, 1980
114.95, 1980
115.12, 1980
115.28, 1980
119.23, 1980
119.52, 1980
119.50, 1980
119.61, 1980
119.50, 1980
119.44, 1980
119.33, 1980
119.18, 1980
119.00, 1980
118.81, 1980
114.81, 1980
114.60, 1980
114.46, 1980
114.39, 1980
114.37, 1980
114.35, 1980
114.36, 1980
114.39, 1980
114.43, 1980
114.49, 1980
114.57, 1980
114.67, 1980
114.80, 1980
114.93, 1980
115.07, 1980
115.21, 1980
115.37, 1980
115.49, 1980
115.56, 1980
115.62, 1980
115.61, 1980
115.56, 1980
115.44, 1980
115.27, 1980
115.12, 1980
114.97, 1980
114.79, 1980
114.62, 1980
114.48, 1980
114.38, 1980
114.34, 1980
114.31, 1980
114.31, 1980
114.35, 1980
114.39, 1980
114.45, 1980
114.52, 1980
114.60, 1980
114.71, 1980
114.85, 1980
114.98, 1980
115.14, 1980
115.29, 1980
115.45, 1980
115.56, 1980
115.61, 1980
115.65, 1980
115.62, 1980
115.52, 1980
115.38, 1980
115.23, 1980
115.05, 1980
114.84, 1980
114.66, 1980
114.49, 1980
114.40, 1980
114.32, 1980
114.30, 1980
114.29, 1980
114.33, 1980
114.36, 1980
114.40, 1980
114.46, 1980
114.54, 1980
114.64, 1980
114.76, 1980
114.89, 1980
115.02, 1980
115.18, 1980
115.31, 1980
115.43, 1980
115.54, 1980
115.58, 1980
115.57, 1980
115.53, 1980
115.41, 1980
115.28, 1980
115.12, 1980
114.93, 1980
114.78, 1980
114.59, 1980
114.47, 1980
114.39, 1980
114.32, 1980
114.29, 1980
114.30, 1980
114.33, 1980
114.35, 1980
114.39, 1980
114.46, 1980
114.56, 1980
114.67, 1980
114.79, 1980
114.93, 1980
116.21, 1980
119.02, 1980
119.17, 1980
119.30, 1980
119.38, 1980
119.43, 1980
119.41, 1980
119.34, 1980
119.22, 1980
119.05, 1980
118.81, 1980
114.95, 1980
114.74, 1980
114.61, 1980
114.49, 1980
114.42, 1980
114.36, 1980
114.35, 1980
114.37, 1980
114.40, 1980
114.44, 1980
114.51, 1980
114.58, 1980
114.69, 1980
114.79, 1980
114.90, 1980
115.05, 1980
115.20, 1980
115.35, 1980
115.49, 1980
115.60, 1980
115.66, 1980
115.64, 1980
115.59, 1980
115.49, 1980
115.35, 1980
115.21, 1980
115.01, 1980
114.79, 1980
114.62, 1980
114.50, 1980
114.37, 1980
114.32, 1980
114.29, 1980
114.31, 1980
114.34, 1980
114.39, 1980
114.43, 1980
114.49, 1980
114.58, 1980
114.70, 1980
114.83, 1980
115.00, 1980
115.14, 1980
115.27, 1980
115.41, 1980
115.51, 1980
115.60, 1980
115.61, 1980
115.61, 1980
115.51, 1980
115.37, 1980
115.19, 1980
115.03, 1980
114.85, 1980
114.65, 1980
114.52, 1980
114.41, 1980
114.33, 1980
114.29, 1980
114.28, 1980
114.31, 1980
114.35, 1980
114.39, 1980
114.46, 1980
114.52, 1980
114.63, 1980
114.73, 1980
114.84, 1980
114.98, 1980
115.15, 1980
115.31, 1980
115.47, 1980
115.58, 1980
115.61, 1980
115.61, 1980
115.59, 1980
115.50, 1980
115.38, 1980
115.19, 1980
115.02, 1980
114.80, 1980
114.64, 1980
114.50, 1980
114.39, 1980
114.32, 1980
114.30, 1980
114.30, 1980
116.53, 1980
117.68, 1980
117.72, 1980
117.86, 1980
117.95, 1980
118.06, 1980
118.13, 1980
118.36, 1980
118.51, 1980
118.60, 1980
116.62, 1980
115.57, 1980
115.67, 1980
115.69, 1980
115.69, 1980
115.61, 1980
115.48, 1980
115.30, 1980
115.12, 1980
114.93, 1980
114.75, 1980
114.62, 1980
114.48, 1980
114.42, 1980
114.36, 1980
114.34, 1980
114.35, 1980
114.37, 1980
114.42, 1980
114.46, 1980
114.54, 1980
114.62, 1980
114.73, 1980
114.85, 1980
114.99, 1980
115.15, 1980
115.31, 1980
115.44, 1980
115.54, 1980
115.61, 1980
115.60, 1980
115.57, 1980
115.49, 1980
115.35, 1980
115.19, 1980
114.97, 1980
114.78, 1980
114.62, 1980
114.48, 1980
114.37, 1980
114.33, 1980
114.29, 1980
114.28, 1980
114.32, 1980
114.36, 1980
114.40, 1980
114.48, 1980
114.56, 1980
114.67, 1980
114.80, 1980
114.93, 1980
115.07, 1980
115.25, 1980
115.38, 1980
115.51, 1980
115.60, 1980
115.62, 1980
115.60, 1980
115.53, 1980
115.40, 1980
115.23, 1980
115.06, 1980
114.89, 1980
114.71, 1980
114.54, 1980
114.39, 1980
114.32, 1980
114.26, 1980
114.24, 1980
114.26, 1980
114.31, 1980
114.34, 1980
114.39, 1980
114.46, 1980
114.56, 1980
114.66, 1980
114.80, 1980
114.96, 1980
115.10, 1980
115.27, 1980
115.40, 1980
115.51, 1980
115.60, 1980
115.62, 1980
115.58, 1980
115.51, 1980
115.37, 1980
115.19, 1980
115.01, 1980
114.84, 1980
114.68, 1980
114.52, 1980
114.42, 1980
114.35, 1980
114.30, 1980
117.67, 1980
121.43, 1980
129.86, 1980
138.48, 1980
146.01, 1980
153.57, 1980
162.41, 1980
170.67, 1980
178.88, 1980
187.55, 1980
192.20, 1980
195.88, 1980
196.79, 1980
196.74, 1980
196.99, 1980
197.49, 1980
196.86, 1980
196.84, 1980
196.72, 1980
195.97, 1980
196.03, 1980
196.64, 1980
197.32, 1980
196.40, 1980
196.88, 1980
197.24, 1980
197.79, 1980
198.80, 1980
198.87, 1980
199.57, 1980
199.71, 1980
199.29, 1980
199.09, 1980
199.60, 1980
199.90, 1980
199.55, 1980
200.20, 1980
199.62, 1980
198.80, 1980
198.97, 1980
198.86, 1980
198.42, 1980
198.00, 1980
198.03, 1980
197.28, 1980
196.98, 1980
196.77, 1980
197.14, 1980
199.86, 1980
198.98, 1980
199.84, 1980
200.15, 1980
199.50, 1980
200.26, 1980
199.94, 1980
199.88, 1980
199.55, 1980
199.26, 1980
198.54, 1980
198.29, 1980
198.08, 1980
197.70, 1980
198.88, 1980
198.53, 1980
205.66, 1980
207.36, 1980
207.12, 1980
208.40, 1980
207.61, 1980
208.32, 1980
207.32, 1980
207.84, 1980
208.08, 1980
207.52, 1980
203.18, 1980
200.06, 1980
200.24, 1980
199.54, 1980
201.03, 1980
199.71, 1980
201.37, 1980
202.47, 1980
202.39, 1980
203.35, 1980
204.46, 1980
203.39, 1980
203.81, 1980
203.52, 1980
203.26, 1980
202.67, 1980
201.97, 1980
200.49, 1980
198.86, 1980
198.79, 1980
197.98, 1980
198.43, 1980
197.88, 1980
198.24, 1980
198.54, 1980
198.16, 1980
198.35, 1980
198.64, 1980
199.02, 1980
197.91, 1980
197.41, 1980
196.96, 1980
197.09, 1980
197.04, 1980
195.97, 1980
196.40, 1980
197.35, 1980
197.05, 1980
197.52, 1980
198.00, 1980
198.13, 1980
198.66, 1980
197.92, 1980
197.63, 1980
198.39, 1980
198.07, 1980
196.50, 1980
196.70, 1980
196.84, 1980
196.75, 1980
195.77, 1980
195.79, 1980
196.98, 1980
197.38, 1980
205.07, 1980
205.87, 1980
207.32, 1980
206.58, 1980
206.07, 1980
205.26, 1980
205.42, 1980
204.97, 1980
203.29, 1980
203.57, 1980
194.62, 1980
194.64, 1980
194.58, 1980
194.52, 1980
194.09, 1980
194.88, 1980
194.67, 1980
194.80, 1980
195.89, 1980
196.10, 1980
196.38, 1980
196.76, 1980
196.64, 1980
196.72, 1980
196.63, 1980
197.22, 1980
197.58, 1980
196.91, 1980
197.41, 1980
198.14, 1980
197.82, 1980
196.31, 1980
196.14, 1980
196.49, 1980
196.82, 1980
197.00, 1980
196.94, 1980
198.26, 1980
198.55, 1980
197.37, 1980
197.13, 1980
198.34, 1980
198.09, 1980
197.78, 1980
197.65, 1980
198.34, 1980
198.66, 1980
198.86, 1980
197.99, 1980
198.29, 1980
199.01, 1980
199.12, 1980
199.40, 1980
200.62, 1980
200.85, 1980
200.50, 1980
199.85, 1980
199.66, 1980
200.34, 1980
200.12, 1980
199.67, 1980
199.22, 1980
198.73, 1980
200.12, 1980
204.41, 1980
204.72, 1980
204.21, 1980
203.13, 1980
202.16, 1980
201.96, 1980
201.41, 1980
201.44, 1980
201.99, 1980
200.93, 1980
194.49, 1980
194.54, 1980
194.06, 1980
194.04, 1980
193.70, 1980
195.28, 1980
194.72, 1980
194.15, 1980
193.79, 1980
193.28, 1980
193.60, 1980
192.13, 1980
193.77, 1980
195.88, 1980
195.65, 1980
194.83, 1980
195.49, 1980
195.49, 1980
196.19, 1980
196.48, 1980
195.42, 1980
195.86, 1980
194.87, 1980
193.80, 1980
193.51, 1980
194.40, 1980
193.98, 1980
194.54, 1980
194.38, 1980
194.76, 1980
195.85, 1980
196.34, 1980
196.65, 1980
196.09, 1980
195.56, 1980
195.45, 1980
196.45, 1980
197.03, 1980
197.68, 1980
197.38, 1980
198.11, 1980
198.03, 1980
198.49, 1980
198.46, 1980
198.60, 1980
198.18, 1980
196.73, 1980
195.37, 1980
195.05, 1980
195.25, 1980
195.88, 1980
196.27, 1980
195.65, 1980
205.83, 1980
206.56, 1980
206.83, 1980
207.33, 1980
207.65, 1980
207.38, 1980
206.72, 1980
206.07, 1980
204.66, 1980
204.82, 1980
195.95, 1980
194.93, 1980
194.73, 1980
195.05, 1980
194.88, 1980
194.51, 1980
194.84, 1980
194.93, 1980
195.49, 1980
194.90, 1980
193.95, 1980
195.12, 1980
194.57, 1980
194.35, 1980
195.16, 1980
197.20, 1980
197.34, 1980
197.08, 1980
197.59, 1980
198.46, 1980
199.40, 1980
198.93, 1980
198.57, 1980
199.19, 1980
198.50, 1980
195.87, 1980
196.14, 1980
195.92, 1980
195.88, 1980
196.09, 1980
196.22, 1980
195.75, 1980
196.55, 1980
195.80, 1980
196.52, 1980
198.86, 1980
198.32, 1980
198.48, 1980
197.82, 1980
197.26, 1980
196.48, 1980
197.18, 1980
197.90, 1980
197.87, 1980
197.48, 1980
197.20, 1980
197.32, 1980
197.47, 1980
197.95, 1980
198.52, 1980
198.38, 1980
199.43, 1980
198.56, 1980
195.28, 1980
187.23, 1980
178.73, 1980
170.43, 1980
162.12, 1980
154.73, 1980
146.16, 1980
137.51, 1980
129.76, 1980
122.13, 1980
115.68, 1980
115.66, 1980
115.51, 1980
115.32, 1980
115.14, 1980
114.94, 1980
114.74, 1980
114.56, 1980
114.40, 1980
114.29, 1980
114.22, 1980
114.15, 1980
114.13, 1980
114.12, 1980
114.13, 1980
114.32, 1980
