phase,settled,kmod_flops,util_x_clk,power_w
idle,1,0,0,154.9
idle,1,0,0,154.6
idle,1,0,0,154.4
idle,1,0,0,154.2
idle,1,0,0,154.0
idle,1,0,0,153.8
idle,1,0,0,153.8
idle,1,0,0,153.7
idle,1,0,0,153.7
idle,1,0,0,153.7
idle,1,0,0,153.8
idle,1,0,0,153.8
idle,1,0,0,153.9
idle,1,0,0,153.9
stair,0,0,0,154.1
stair,0,147979871796962,1980,174.5
stair,0,150557308507987,33660,190.8
stair,0,146980421845888,33660,215.3
stair,0,155470593365000,33660,232.4
stair,0,147146627219734,33660,237.9
stair,0,151262667364925,33660,238.4
stair,0,148580038419016,33660,238.4
stair,0,148448274900922,33660,240.0
stair,0,157452491092137,33660,241.5
stair,0,147067905665329,33660,242.4
stair,0,148111516495558,33660,245.5
stair,0,148465380315925,31680,246.9
stair,1,157442227137930,33660,246.5
stair,1,148499659114561,33660,246.7
stair,1,157417866136721,33660,247.7
stair,1,146982634421034,33660,245.3
stair,1,147194997443447,33660,245.7
stair,1,147129860433696,33660,246.7
stair,1,146985480372528,31680,246.5
stair,1,147100807728845,33660,247.1
stair,1,147038422100256,31680,247.8
stair,1,148567391989266,33660,247.1
stair,1,148432425586616,33660,246.5
stair,1,157595735128619,33660,248.0
stair,1,148567349296210,33660,248.4
stair,1,157445127476610,31680,246.8
stair,0,148490524496562,33660,246.2
stair,0,150217141031490,33660,245.8
stair,0,251591763367960,57420,251.3
stair,0,253196487141507,55440,259.8
stair,0,252599824560863,55440,272.9
stair,0,256198522716148,57420,280.5
stair,0,250174111883938,57420,287.8
stair,0,253694428975386,57420,289.5
stair,0,252453712500197,55440,290.6
stair,0,253889166165192,55440,290.6
stair,0,250188210352810,57420,291.7
stair,0,255966427782656,55440,291.1
stair,0,252534581864034,57420,290.5
stair,0,250618234465239,55440,290.4
stair,1,250072777197637,57420,290.2
stair,1,254522693405826,55440,289.6
stair,1,250232716720065,55440,290.0
stair,1,250090925271329,57420,290.3
stair,1,250938916635310,55440,289.7
stair,1,253497763825415,57420,289.2
stair,1,250246048694047,55440,289.9
stair,1,258344731130604,55440,289.3
stair,1,252612253933998,57420,288.6
stair,1,252491182829993,55440,289.6
stair,1,257282492269545,55440,289.1
stair,1,252598425908876,55440,288.3
stair,1,258831962467991,55440,289.7
stair,1,252422885952039,55440,288.6
stair,0,252249507863167,57420,288.5
stair,0,250168535707715,55440,289.4
stair,0,388700336002248,55440,301.3
stair,0,389078779407696,85140,317.0
stair,0,384807542791692,87120,338.6
stair,0,392327993281951,87120,353.4
stair,0,385406108875019,85140,365.6
stair,0,382111839556209,85140,366.0
stair,0,383146147927873,85140,366.3
stair,0,387223614747051,85140,365.6
stair,0,385769375887331,85140,365.1
stair,0,391771063424335,85140,364.5
stair,0,382108994197748,85140,363.8
stair,0,382453732610734,85140,364.0
stair,1,386612740632901,85140,364.4
stair,1,387500659006036,87120,364.2
stair,1,387824400805997,85140,365.0
stair,1,386136687152173,87120,364.5
stair,1,381951750827168,85140,364.3
stair,1,381972078377486,85140,365.2
stair,1,382781787862907,85140,365.5
stair,1,387321825471273,85140,366.4
stair,1,391880862432544,85140,365.8
stair,1,385757553779326,85140,365.7
stair,1,382840490265757,85140,365.0
stair,1,387254577853095,85140,363.5
stair,1,387141478809913,87120,363.5
stair,1,390911557879885,85140,363.4
stair,0,386135990924481,85140,363.7
stair,0,385626506836358,85140,364.7
stair,0,608587000451275,132600,382.5
stair,0,616506875704729,133620,396.3
stair,0,613643742409577,134640,417.9
stair,0,616285869943479,134640,432.2
stair,0,613594253172233,134640,437.8
stair,0,615003219808361,134640,438.4
stair,0,614064946735288,134640,439.6
stair,0,614213729226583,134640,439.8
stair,0,613016929228063,134640,440.2
stair,0,614667956129338,134640,440.3
stair,0,613242893192290,134640,440.8
stair,0,615143304969669,134640,440.6
stair,1,612880552788368,134640,440.1
stair,1,613556529690999,134640,439.6
stair,1,615116483853293,134640,439.3
stair,1,615855596332480,134640,439.7
stair,1,613969331610800,134640,439.3
stair,1,614071040727300,134640,439.8
stair,1,614054066684099,132660,439.4
stair,1,614566137172793,134640,439.1
stair,1,615318184903434,134640,440.0
stair,1,613995468925419,134640,440.6
stair,1,614031531854827,134640,441.6
stair,1,612530841347330,134640,442.2
stair,1,613970774127805,134640,442.3
stair,1,612988714556629,134640,442.5
stair,0,612361935600750,134640,442.6
stair,0,613775427251986,134640,442.8
stair,0,926397311329581,106080,443.9
stair,0,926030534672839,157500,443.3
stair,0,925428458534079,157500,444.2
stair,0,925597316730047,157500,444.6
stair,0,925515064090974,157500,444.1
stair,0,925707336194393,157500,444.9
stair,0,925727896450120,157500,445.1
stair,0,925472706979663,157500,445.1
stair,0,925753884232693,157500,445.2
stair,0,925545060993765,157500,445.2
stair,0,925768161836492,157500,445.4
stair,0,925104369344721,157500,445.5
stair,1,925751844544075,157500,445.5
stair,1,925770556581181,157500,445.5
stair,1,925757719943538,157500,445.5
stair,1,924922062993983,157500,445.4
stair,1,925753575971620,157500,445.5
stair,1,925235890517442,157500,445.6
stair,1,925795876841677,157500,445.6
stair,1,925139446865968,157500,445.7
stair,1,925729735994278,157500,445.8
stair,1,925382631295276,157500,445.8
stair,1,925794956604953,157500,446.0
stair,1,925271120023753,157500,446.0
stair,1,925723290622841,156000,444.9
stair,1,926300112846462,156000,444.1
stair,0,925772865254269,157500,444.0
stair,0,924642321326485,157500,444.0
stair,0,0,0,389.9
