ts_s,power_w,clock_sm_mhz
1,129.01,1980
2,146.34,1980
3,163.71,1980
4,175.16,1980
5,174.48,1980
6,175.59,1980
7,176.15,1980
8,174.74,1980
9,173.71,1980
10,177.09,1980
11,178.34,1980
12,178.42,1980
13,176.01,1980
14,175.59,1980
15,174.74,1980
16,175.15,1980
17,175.68,1980
18,176.68,1980
19,176.83,1980
20,177.82,1980
21,177.76,1980
22,177.61,1980
23,175.63,1980
24,175.48,1980
25,176.23,1980
26,174.47,1980
27,175.05,1980
28,177.51,1980
29,175.99,1980
30,175.81,1980
31,176.48,1980
32,177.39,1980
33,177.09,1980
34,178.57,1980
35,176.07,1980
36,176.81,1980
37,178.62,1980
38,179.05,1980
40,177.86,1980
41,177.15,1980
42,175.50,1980
43,177.27,1980
44,177.46,1980
45,179.42,1980
46,178.32,1980
47,178.73,1980
48,180.82,1980
49,179.91,1980
50,176.93,1980
51,177.44,1980
52,177.22,1980
53,175.33,1980
54,176.96,1980
55,176.09,1980
56,176.15,1980
57,176.89,1980
58,177.29,1980
59,175.84,1980
60,177.23,1980
