1779993243.393254022,119.70,1980
1779993243.518576978,119.82,1980
1779993243.644352958,119.89,1980
1779993243.830525709,119.94,1980
1779993244.006461797,119.93,1980
1779993244.132093861,119.71,1980
1779993244.257668095,119.49,1980
1779993244.384329400,115.15,1980
1779993244.509048677,114.86,1980
1779993244.633816501,114.66,1980
1779993244.760293495,114.48,1980
1779993244.907537793,114.33,1980
1779993245.132635252,114.40,1980
1779993245.449377208,114.71,1980
1779993245.648608935,115.07,1980
1779993245.827593512,115.35,1980
1779993245.952990872,115.54,1980
1779993246.077760561,115.69,1980
1779993246.202464481,115.76,1980
1779993246.327699512,115.81,1980
1779993246.452372801,115.75,1980
1779993246.577615958,115.62,1980
1779993246.702513919,115.39,1980
1779993246.827557410,115.10,1980
1779993246.952374041,114.84,1980
1779993247.100712309,114.55,1980
1779993247.254926447,114.36,1980
1779993247.390636289,114.22,1980
1779993247.553534080,114.15,1980
1779993247.693734442,114.15,1980
1779993247.880612156,114.23,1980
1779993248.017950356,114.32,1980
1779993248.143603780,114.46,1980
1779993248.269993063,114.63,1980
1779993248.394941471,114.79,1980
1779993248.520482504,115.02,1980
1779993248.645954292,115.25,1980
1779993248.771434603,115.38,1980
1779993248.897103667,115.50,1980
1779993249.023800766,115.54,1980
1779993249.149730480,115.48,1980
1779993249.277054714,115.37,1980
1779993249.413878701,115.14,1980
1779993249.544881211,114.93,1980
1779993249.670468234,114.72,1980
1779993249.797610707,114.60,1980
1779993249.925510300,117.17,1980
1779993250.051907901,120.88,1980
1779993250.182323960,128.81,1980
1779993250.311942822,141.82,1980
1779993250.442758232,156.46,1980
1779993250.571404991,169.97,1980
1779993250.698702029,180.99,1980
1779993250.825540877,196.04,1980
1779993250.953967981,205.45,1980
1779993251.082482816,213.34,1980
1779993251.209907649,214.65,1980
1779993251.337044974,206.38,1980
1779993251.462212390,193.57,1980
1779993251.587345476,178.12,1980
1779993251.712468089,165.77,1980
1779993251.837203734,153.84,1980
1779993251.961902314,140.09,1980
1779993252.086712197,127.96,1980
1779993252.211485903,118.23,1980
1779993252.336280467,113.76,1980
1779993252.460894392,113.66,1980
1779993252.586382664,113.66,1980
1779993252.711791865,113.67,1980
1779993252.836435205,113.72,1980
1779993252.962468841,113.80,1980
1779993253.087532657,113.96,1980
1779993253.213024063,114.13,1980
1779993253.339081041,114.41,1980
1779993253.465262084,114.75,1980
1779993253.591114150,115.00,1980
1779993253.716792887,115.23,1980
1779993253.842542424,115.28,1980
1779993253.967172506,115.21,1980
1779993254.091545753,115.08,1980
1779993254.216405665,114.90,1980
1779993254.341724178,114.58,1980
1779993254.466592690,114.17,1980
1779993254.591187393,113.90,1980
1779993254.715924062,113.66,1980
1779993254.841450907,113.76,1980
1779993254.967191542,114.51,1980
1779993255.092492253,115.58,1980
1779993255.217728991,115.99,1980
1779993255.341666470,116.11,1980
1779993255.465456565,116.33,1980
1779993255.589018771,116.45,1980
1779993255.712237585,116.67,1980
1779993255.836011576,116.65,1980
1779993255.959528973,116.36,1980
1779993256.083702379,115.55,1980
1779993256.208090835,114.93,1980
1779993256.331700336,114.93,1980
1779993256.455581235,114.84,1980
1779993256.580213228,114.70,1980
1779993256.703859095,114.52,1980
1779993256.827453276,114.27,1980
1779993256.950927888,114.06,1980
1779993257.073204906,113.86,1980
1779993257.196786005,113.74,1980
1779993257.319200391,113.64,1980
1779993257.442277871,113.62,1980
1779993257.566005052,113.62,1980
1779993257.688480472,113.66,1980
1779993257.812352781,113.74,1980
1779993257.935891201,113.82,1980
1779993258.058836329,113.95,1980
1779993258.182329865,114.11,1980
1779993258.304932731,114.33,1980
1779993258.428688838,114.51,1980
1779993258.552241708,114.68,1980
1779993258.676207574,114.82,1980
1779993258.800451611,114.86,1980
1779993258.924224608,114.84,1980
1779993259.047367549,114.72,1980
1779993259.170395481,114.53,1980
1779993259.293666680,114.30,1980
1779993259.417383581,114.08,1980
1779993259.541112191,113.88,1980
1779993259.665399510,113.71,1980
1779993259.788936253,113.62,1980
1779993259.912554207,113.58,1980
1779993260.036458490,113.58,1980
1779993260.160208072,113.62,1980
1779993260.283552353,113.69,1980
1779993260.406332752,113.82,1980
1779993260.530087229,113.94,1980
1779993260.653466620,114.11,1980
1779993260.777319809,114.29,1980
1779993260.900506823,114.47,1980
1779993261.024104148,114.63,1980
1779993261.147507465,114.78,1980
1779993261.271128452,114.83,1980
1779993261.395540996,115.13,1980
1779993261.521639995,115.14,1980
1779993261.646592616,115.49,1980
1779993261.771919040,115.45,1980
1779993261.896984520,115.36,1980
1779993262.022581290,115.46,1980
1779993262.147751382,116.16,1980
1779993262.273335648,116.33,1980
1779993262.399335178,116.04,1980
1779993262.524810015,116.32,1980
1779993262.649698144,120.29,1980
1779993262.775722559,121.05,1980
1779993262.901540252,121.62,1980
1779993263.027051336,123.61,1980
1779993263.164546091,126.94,1980
1779993263.290433528,130.77,1605
1779993263.415495588,132.63,1605
1779993263.540522163,132.17,1605
1779993263.665940197,126.56,1605
1779993263.792209078,125.84,1605
1779993263.917252880,125.26,1605
1779993264.042409529,124.46,1605
1779993264.167996119,121.63,1605
1779993264.293348292,119.38,1605
1779993264.418856667,117.64,1605
1779993264.544467543,118.24,1605
1779993264.670388352,119.49,1605
1779993264.796176873,120.43,1605
1779993264.921447812,121.24,1605
1779993265.046951938,120.60,1605
1779993265.173028839,121.08,1605
1779993265.298596920,120.50,1605
1779993265.423831052,119.85,1605
1779993265.549468187,120.95,1605
1779993265.674555492,122.60,1605
1779993265.807470494,118.40,1605
1779993265.934028582,114.56,1605
1779993266.060730285,110.70,1605
1779993266.186901048,106.47,1005
1779993266.313239949,102.03,1005
1779993266.440107287,98.74,1005
1779993266.566478845,94.92,1005
1779993266.693081478,89.00,1005
1779993266.820243766,87.03,1005
1779993266.949594683,87.08,1005
1779993267.076467493,86.45,1005
1779993267.203794297,85.56,1005
1779993267.331007203,85.40,1005
1779993267.458391133,85.20,1005
1779993267.586319319,84.14,1005
1779993267.713944346,84.85,1005
1779993267.841554461,85.79,1005
1779993267.968957777,85.57,1005
1779993268.096465432,90.57,1005
1779993268.223481762,91.12,1005
1779993268.350651620,92.04,1005
1779993268.478116370,92.89,1005
1779993268.605343433,93.56,1005
1779993268.732503848,95.66,1005
1779993268.856588764,99.72,1005
1779993268.982034083,104.51,1005
1779993269.107685435,105.48,1980
1779993269.232779767,110.25,1980
1779993269.357725944,113.49,1980
1779993269.482288143,117.22,1980
1779993269.606975589,120.98,1980
1779993269.732801117,124.12,1980
1779993269.858810925,123.91,1980
1779993269.984150955,123.82,1980
1779993270.110421140,122.49,1980
1779993270.235876282,122.20,1980
1779993270.360906160,121.18,1980
1779993270.485368416,124.17,1980
1779993270.609597885,124.09,1980
1779993270.734040374,125.71,1980
1779993270.858396426,126.25,1980
1779993270.983902977,126.51,1980
1779993271.109096400,126.57,1980
1779993271.240811539,126.55,1980
1779993271.366286136,127.38,1980
1779993271.491522357,124.26,1980
1779993271.617259996,125.41,1980
1779993271.742668060,123.71,1980
1779993271.868355138,123.99,1980
1779993271.993511622,125.33,1980
