1779112451.524848085,136.84
1779112452.051034316,203.80
1779112452.577908916,278.92
1779112453.104871849,282.68
1779112453.632148830,282.78
1779112454.159100363,282.54
1779112454.686012357,282.45
1779112455.213088370,283.15
1779112455.740012722,283.20
1779112456.267012744,283.75
1779112456.794048978,283.38
1779112457.320693813,282.50
1779112457.847856217,282.77
1779112458.374983675,283.30
1779112458.901917321,283.75
1779112459.428873736,273.35
1779112460.132718038,189.79
1779112460.657318811,134.20
1779112461.182547917,132.29
