ts,hbm_used_mib,power_w,sm_clk
1778951191,0,70.66,345
1778951193,0,70.57,345
1778951195,0,72.00,345
1778951197,0,70.31,345
1778951199,0,70.71,345
1778951201,0,71.81,345
1778951203,0,70.26,345
1778951205,0,71.15,345
1778951207,0,71.08,345
1778951209,0,70.53,345
1778951212,0,71.77,345
1778951214,0,70.44,345
1778951216,0,70.61,345
1778951218,0,71.96,345
1778951220,0,70.24,345
1778951222,0,70.88,345
1778951224,0,71.42,345
1778951226,0,70.42,345
1778951228,0,71.51,345
1778951230,0,70.68,345
1778951232,0,70.58,345
1778951234,0,71.96,345
1778951236,0,70.27,345
1778951238,0,70.70,345
1778951240,0,71.78,345
1778951242,0,70.31,345
1778951244,0,71.12,345
1778951246,0,71.15,345
1778951248,0,70.47,345
1778951250,0,71.72,345
1778951252,0,70.48,345
1778951254,0,70.59,345
1778951256,0,72.00,345
1778951258,0,70.24,345
1778951260,0,70.78,345
1778951262,0,71.62,345
1778951264,0,70.38,345
1778951266,0,71.33,345
1778951268,0,70.87,345
1778951270,0,70.54,345
1778951272,0,71.90,345
1778951274,0,70.36,345
1778951276,0,70.63,345
1778951278,0,71.95,345
1778951280,0,70.25,345
1778951282,0,70.88,345
1778951284,0,71.46,345
1778951287,0,70.40,345
1778951289,0,71.42,345
1778951291,0,70.76,345
1778951293,0,70.53,345
1778951295,0,71.93,345
1778951297,0,70.32,345
1778951299,0,70.64,345
1778951301,0,71.89,345
1778951303,0,70.31,345
1778951305,0,71.03,345
1778951307,0,71.19,345
1778951309,0,70.47,345
1778951311,0,71.64,345
1778951313,0,70.47,345
1778951315,0,70.58,345
1778951317,0,71.99,345
1778951319,0,70.24,345
1778951321,0,70.78,345
1778951323,0,71.58,345
1778951325,0,70.36,345
1778951327,0,71.35,345
1778951329,0,70.78,345
1778951331,0,70.48,345
1778951333,0,71.95,345
1778951335,0,70.27,345
1778951337,0,70.67,345
1778951339,0,71.78,345
1778951341,0,70.29,345
1778951343,0,71.06,345
1778951345,0,71.06,345
1778951347,0,70.44,345
1778951349,0,71.74,345
1778951351,0,127.18,1980
1778951353,0,71.35,345
1778951355,0,72.11,345
1778951357,0,70.42,345
1778951360,0,70.93,345
1778951362,0,71.52,345
1778951364,0,70.51,345
1778951366,0,71.48,345
1778951368,0,70.87,345
1778951370,0,70.59,345
1778951372,0,71.97,345
1778951374,0,70.44,345
1778951376,0,70.69,345
1778951378,0,72.01,345
1778951380,0,70.37,345
1778951382,0,71.07,345
1778951384,0,71.33,345
1778951386,0,70.53,345
1778951388,0,71.65,345
1778951390,0,70.58,345
1778951392,0,70.61,345
1778951394,0,72.11,345
1778951396,0,70.33,345
1778951398,0,127.46,1980
1778951400,0,72.41,345
1778951402,15859,90.52,1980
1778951404,15859,124.84,1980
1778951406,23901,144.48,1980
1778951408,24797,206.27,1980
1778951410,25693,205.90,1980
1778951412,26589,206.27,1980
1778951414,26589,205.96,1980
1778951416,26589,203.53,1980
1778951418,26589,207.11,1980
1778951420,26589,205.90,1980
1778951422,28643,207.55,1980
1778951424,28643,205.38,1980
1778951426,28643,206.73,1980
1778951428,28643,205.97,1980
1778951430,28643,208.43,1980
1778951432,28643,207.90,1980
1778951434,28643,206.88,1980
1778951437,29539,206.85,1980
1778951439,29539,203.26,1980
1778951441,29539,208.26,1980
1778951443,38451,208.40,1980
1778951445,44853,205.28,1980
1778951447,44853,207.42,1980
1778951449,45749,207.05,1980
1778951451,46645,207.86,1980
1778951453,46645,209.11,1980
1778951455,46645,209.19,1980
1778951457,46645,204.14,1980
1778951459,46645,207.77,1980
1778951461,48699,207.77,1980
1778951463,48699,210.23,1980
1778951465,48699,207.01,1980
1778951467,48699,208.68,1980
1778951469,48699,209.67,1980
1778951471,48699,207.03,1980
1778951473,48699,208.82,1980
1778951475,49595,208.53,1980
1778951477,49595,208.40,1980
1778951479,49595,205.43,1980
1778951481,58507,207.71,1980
1778951483,64909,203.45,1980
1778951485,64909,208.07,1980
1778951487,65805,208.72,1980
1778951489,65805,205.47,1980
1778951491,66701,208.57,1980
1778951493,66701,208.29,1980
1778951495,67597,209.99,1980
1778951497,67597,206.92,1980
1778951499,67597,208.77,1980
1778951501,67597,209.28,1980
1778951503,67597,210.74,1980
1778951505,68493,209.27,1980
1778951507,69389,209.36,1980
1778951509,69389,209.95,1980
1778951511,69389,205.90,1980
1778951513,69389,209.64,1980
1778951516,69389,209.35,1980
1778951518,70285,210.91,1980
1778951520,78301,207.65,1980
1778951522,53377,207.65,1980
1778951524,53377,208.90,1980
1778951526,55169,209.04,1980
1778951528,55169,209.52,1980
1778951530,56065,205.01,1980
1778951532,56065,209.37,1980
1778951534,56065,208.72,1980
1778951536,56961,210.51,1980
1778951538,56961,207.52,1980
1778951540,56961,209.03,1980
1778951542,56961,208.76,1980
1778951544,56961,205.79,1980
1778951546,57857,209.18,1980
1778951548,58753,209.03,1980
1778951550,58753,210.59,1980
1778951552,58753,207.11,1980
1778951554,58753,210.72,1980
1778951556,59649,210.34,1980
1778951558,67665,211.58,1980
1778951560,74067,210.04,1980
1778951562,74067,206.25,1980
1778951564,75859,209.24,1980
1778951566,75859,209.82,1980
1778951568,76755,211.37,1980
1778951570,76755,207.77,1980
1778951572,76755,209.06,1980
1778951574,77651,209.01,1980
1778951576,77651,209.30,1980
1778951578,77651,210.23,1980
1778951580,77651,211.07,1980
1778951582,78547,210.54,1980
1778951584,78547,205.76,1980
1778951586,79443,209.62,1980
1778951588,79443,209.24,1980
1778951590,79443,211.39,1980
1778951592,79443,208.14,1980
1778951595,80339,209.16,1980
1778951597,71751,211.73,1980
1778951599,78153,210.58,1980
1778951601,79049,213.11,1980
1778951603,79945,209.09,1980
1778951605,79945,209.71,1980
1778951607,80841,209.41,1980
1778951609,80841,209.99,1980
1778951611,80841,208.88,1980
1778951613,80841,209.60,1980
1778951615,80841,209.88,1980
1778951617,80841,206.48,1980
1778951619,80841,210.76,1980
1778951621,72519,209.43,1980
1778951623,73415,211.01,1980
1778951625,74311,208.61,1980
1778951627,75207,209.08,1980
1778951629,75207,209.24,1980
1778951631,75207,206.47,1980
1778951633,75207,210.85,1980
1778951635,78057,216.53,1980
1778951637,76395,209.92,1980
1778951639,77291,209.63,1980
1778951641,78187,206.78,1980
1778951643,78187,209.67,1980
1778951645,79083,208.76,1980
1778951647,79083,210.30,1980
1778951649,79083,207.37,1980
1778951651,79979,210.92,1980
1778951653,79979,209.63,1980
1778951655,79979,210.96,1980
1778951657,79979,208.65,1980
1778951659,80875,209.47,1980
1778951661,80875,210.07,1980
1778951663,80875,207.43,1980
1778951665,80875,178.26,1980
1778951667,80875,176.90,1980
1778951669,80875,176.12,1980
1778951671,80875,176.69,1980
1778951674,80875,176.02,1980
1778951676,80875,175.49,1980
1778951678,80875,177.29,1980
1778951680,80875,177.77,1980
1778951682,80875,177.12,1980
1778951684,80875,177.27,1980
1778951686,80875,176.65,1980
1778951688,80875,175.58,1980
1778951690,80875,175.71,1980
1778951692,80875,176.39,1980
1778951694,80875,176.11,1980
1778951696,80875,176.76,1980
1778951698,80875,177.54,1980
1778951700,80875,176.99,1980
1778951702,80875,176.04,1980
1778951704,80875,175.85,1980
1778951706,80875,175.61,1980
1778951708,80875,175.90,1980
1778951710,80875,175.68,1980
1778951712,80875,175.83,1980
1778951714,80875,176.44,1980
1778951716,80875,176.99,1980
1778951718,80875,177.27,1980
1778951720,80875,177.08,1980
1778951722,80875,176.16,1980
1778951724,80875,175.58,1980
1778951726,80875,175.59,1980
1778951728,80875,175.55,1980
1778951730,80875,175.78,1980
1778951732,80875,175.44,1980
1778951734,80875,175.49,1980
1778951736,80875,176.62,1980
1778951738,80875,176.86,1980
1778951740,80875,176.85,1980
1778951742,80875,177.29,1980
1778951744,80875,176.50,1980
1778951746,80875,175.60,1980
1778951748,80875,175.59,1980
1778951750,80875,175.36,1980
1778951753,80875,175.28,1980
1778951755,80875,175.42,1980
1778951757,80875,175.09,1980
1778951759,80875,175.27,1980
1778951761,80875,176.34,1980
1778951763,80875,176.39,1980
1778951765,80875,176.69,1980
1778951767,80875,177.74,1980
1778951769,80875,176.88,1980
1778951771,80875,175.96,1980
1778951773,80875,175.94,1980
1778951775,80875,175.79,1980
1778951777,80875,175.52,1980
1778951779,80875,175.42,1980
1778951781,80875,175.85,1980
1778951783,80875,175.64,1980
1778951785,80875,175.14,1980
1778951787,80875,175.43,1980
1778951789,80875,175.87,1980
1778951791,80875,176.11,1980
1778951793,80875,176.31,1980
1778951795,80875,177.16,1980
1778951797,80875,177.05,1980
1778951799,80875,176.40,1980
1778951801,80875,176.31,1980
1778951803,0,137.38,1980
1778951805,0,91.10,345
1778951807,0,71.62,345
1778951809,0,71.47,345
1778951811,0,71.44,345
1778951813,0,71.88,345
1778951815,0,71.85,345
1778951817,0,71.72,345
1778951819,0,71.63,345
1778951821,0,71.57,345
1778951823,0,71.57,345
1778951825,0,71.56,345
1778951827,0,71.56,345
1778951830,0,71.57,345
1778951832,0,71.57,345
1778951834,0,71.39,345
1778951836,0,71.39,345
1778951838,0,71.59,345
1778951840,0,71.87,345
1778951842,0,72.45,345
1778951844,0,72.83,345
1778951846,0,72.71,345
1778951848,0,71.96,345
1778951850,0,71.24,345
1778951852,1,74.93,840
1778951855,1873,129.33,1980
1778951859,1921,130.96,1980
1778951867,1977,125.25,1980
1778951879,41220,132.38,1980
1778951881,58059,136.14,1980
1778951884,43923,130.67,1980
1778951886,29072,130.16,1980
1778951888,11390,130.28,1980
1778951890,0,129.68,1980
1778951892,0,71.70,345
1778951894,0,72.21,345
1778951896,0,72.97,345
1778951898,0,72.57,345
1778951900,0,71.42,345
1778951902,0,71.14,345
1778951904,0,128.82,1980
1778951906,0,71.50,345
1778951908,0,72.22,345
1778951910,0,72.87,345
1778951912,0,71.72,345
1778951914,0,70.95,345
1778951916,0,70.94,345
1778951918,0,71.10,345
1778951920,0,72.03,345
1778951922,0,72.39,345
1778951925,0,70.97,345
1778951927,0,70.80,345
1778951929,1,70.98,345
1778951931,15861,126.50,1980
1778951933,23187,165.53,1980
1778951935,23947,206.93,1980
1778951937,23967,203.15,1980
1778951939,24407,207.29,1980
1778951941,24907,207.96,1980
1778951943,24907,211.37,1980
1778951945,25367,206.94,1980
1778951947,25867,206.93,1980
1778951949,25927,207.66,1980
1778951951,26187,206.66,1980
1778951953,26447,208.41,1980
1778951955,26647,209.30,1980
1778951957,27147,209.80,1980
1778951959,27147,205.51,1980
1778951961,27547,208.10,1980
1778951963,27667,207.76,1980
1778951965,27927,210.30,1980
1778951967,28047,206.68,1980
1778951969,32987,208.73,1980
1778951971,38129,205.19,1980
1778951973,38829,210.44,1980
1778951975,39029,211.13,1980
1778951977,39289,206.99,1980
1778951979,39789,210.27,1980
1778951981,39989,209.87,1980
1778951983,40369,211.29,1980
1778951985,40749,207.70,1980
1778951988,40809,208.94,1980
1778951990,41329,209.30,1980
1778951992,41329,210.31,1980
1778951994,41529,208.66,1980
1778951996,42029,209.54,1980
1778951998,42169,209.99,1980
1778952000,42429,206.24,1980
1778952002,42549,209.12,1980
1778952004,42929,209.26,1980
1778952006,43189,210.79,1980
1778952008,47869,207.56,1980
1778952010,53011,210.07,1980
1778952012,53711,209.37,1980
1778952014,53911,209.84,1980
1778952016,54411,209.75,1980
1778952018,54671,206.39,1980
1778952020,54871,209.65,1980
1778952022,55371,209.67,1980
1778952024,55631,210.85,1980
1778952026,55691,206.14,1980
1778952028,56211,209.38,1980
1778952030,56211,209.62,1980
1778952032,56411,210.99,1980
1778952034,56911,208.85,1980
1778952036,57051,209.80,1980
1778952038,57431,209.89,1980
1778952040,57431,206.83,1980
1778952042,57811,210.12,1980
1778952044,58071,210.86,1980
1778952046,62751,214.56,1980
1778952048,68593,211.60,1980
1778952050,68593,213.25,1980
1778952052,68793,210.53,1980
1778952054,69293,210.54,1980
1778952056,69553,210.12,1980
1778952058,69753,208.14,1980
1778952061,70253,210.33,1980
1778952063,70513,210.05,1980
1778952065,70833,209.94,1980
1778952067,71093,205.71,1980
1778952069,71093,210.07,1980
1778952071,71553,210.64,1980
1778952073,71793,213.83,1980
1778952075,71933,210.36,1980
1778952077,72313,211.54,1980
1778952079,72573,210.65,1980
1778952081,72693,209.05,1980
1778952083,72953,209.90,1980
1778952085,77633,218.49,1980
1778952087,47535,210.06,1980
1778952089,47915,209.96,1980
1778952091,48175,211.48,1980
1778952093,48675,211.02,1980
1778952095,48675,211.97,1980
1778952097,49195,211.84,1980
1778952099,49455,207.82,1980
1778952101,49695,210.55,1980
1778952103,49955,210.51,1980
1778952105,50535,211.06,1980
1778952107,50795,207.48,1980
1778952109,50855,209.82,1980
1778952111,50975,211.38,1980
1778952113,51235,213.68,1980
1778952115,51495,210.54,1980
1778952117,51875,210.79,1980
1778952119,52015,210.53,1980
1778952121,52255,207.95,1980
1778952123,62097,216.01,1980
1778952125,62797,206.79,1980
1778952127,62817,211.03,1980
1778952129,63257,212.33,1980
1778952131,63497,213.96,1980
1778952133,63757,209.87,1980
1778952136,64217,210.60,1980
1778952138,64717,210.32,1980
1778952140,64717,209.80,1980
1778952142,65037,210.15,1980
1778952144,65297,211.52,1980
1778952146,65497,212.33,1980
1778952148,65757,207.85,1980
1778952150,65997,210.88,1980
1778952152,66397,210.71,1980
1778952154,66517,211.98,1980
1778952156,66777,208.32,1980
1778952158,66897,210.78,1980
1778952160,71837,212.17,1980
1778952162,76979,211.56,1980
1778952164,77679,210.62,1980
1778952166,77699,207.37,1980
1778952168,78139,210.70,1980
1778952170,78639,210.16,1980
1778952172,78839,212.93,1980
1778952174,79099,210.05,1980
1778952176,79599,211.97,1980
1778952178,79659,210.97,1980
1778952180,79919,211.75,1980
1778952182,80179,209.39,1980
1778952184,80379,210.69,1980
1778952186,80879,211.02,1980
1778952188,80879,208.52,1980
1778952190,59499,209.42,1980
1778952192,59939,210.60,1980
1778952194,60639,212.58,1980
1778952196,61019,208.40,1980
1778952198,65979,210.27,1980
1778952200,71121,206.67,1980
1778952202,71821,212.28,1980
1778952204,72021,211.64,1980
1778952206,72281,207.75,1980
1778952209,72781,210.69,1980
1778952211,72981,210.59,1980
1778952213,73481,212.40,1980
1778952215,73741,210.57,1980
1778952217,73801,211.88,1980
1778952219,74321,210.81,1980
1778952221,74321,211.67,1980
1778952223,74521,209.87,1980
1778952225,75021,210.33,1980
1778952227,75161,211.42,1980
1778952229,0,168.62,1980
1778952231,0,102.61,435
1778952233,0,72.00,345
1778952235,0,71.79,345
1778952237,0,71.49,345
1778952239,0,71.36,345
1778952241,0,71.74,345
1778952243,0,72.54,345
1778952245,0,72.96,345
1778952247,0,72.74,345
1778952249,15861,128.84,1980
1778952251,16179,141.19,1980
1778952253,23947,208.05,1980
1778952255,23947,209.40,1980
1778952257,24147,207.30,1980
1778952259,24647,208.10,1980
1778952261,24907,208.54,1980
1778952263,25107,204.72,1980
1778952265,25607,207.91,1980
1778952267,25867,208.12,1980
1778952269,26187,208.35,1980
1778952271,26447,205.16,1980
1778952273,26447,209.70,1980
1778952275,26907,209.82,1980
1778952277,27147,212.12,1980
1778952279,27287,208.40,1980
1778952281,27667,209.22,1980
1778952284,27927,209.03,1980
1778952286,28047,207.10,1980
1778952288,28307,208.42,1980
1778952290,33589,204.86,1980
1778952292,34289,209.89,1980
1778952294,34309,207.26,1980
1778952296,34749,209.30,1980
1778952298,35249,209.07,1980
1778952300,35249,211.84,1980
1778952302,35709,209.80,1980
1778952304,36209,210.82,1980
1778952306,36269,209.96,1980
1778952308,36529,205.47,1980
1778952310,36789,209.24,1980
1778952312,36989,209.33,1980
1778952314,37489,209.59,1980
1778952316,37489,206.84,1980
1778952318,37889,208.83,1980
1778952320,38009,209.49,1980
1778952322,38269,212.29,1980
1778952324,38389,209.95,1980
1778952326,38789,210.69,1980
1778952328,44631,209.97,1980
1778952330,44631,205.71,1980
1778952332,44831,209.66,1980
1778952334,45331,208.96,1980
1778952336,45591,210.91,1980
1778952338,45791,207.95,1980
1778952340,46291,210.13,1980
1778952342,46551,210.57,1980
1778952344,46611,212.09,1980
1778952346,47131,209.44,1980
1778952348,47131,209.71,1980
1778952350,47591,209.40,1980
1778952352,47831,205.81,1980
1778952354,47971,208.58,1980
1778952356,48351,209.27,1980
1778952359,48611,211.04,1980
1778952361,48731,208.06,1980
1778952363,48991,210.45,1980
1778952365,54273,207.50,1980
1778952367,54973,207.96,1980
1778952369,54993,209.55,1980
1778952371,55433,209.29,1980
1778952373,55933,209.61,1980
1778952375,55933,207.00,1980
1778952377,56393,211.38,1980
1778952379,56893,211.15,1980
1778952381,56953,211.84,1980
1778952383,57213,208.32,1980
1778952385,57473,209.85,1980
1778952387,57673,209.29,1980
1778952389,57933,211.50,1980
1778952391,58173,209.89,1980
1778952393,58573,211.17,1980
1778952395,58693,210.13,1980
1778952397,58953,206.73,1980
1778952399,59073,209.27,1980
1778952401,59473,209.49,1980
1778952403,64615,210.87,1980
1778952405,65315,208.56,1980
1778952407,65515,211.00,1980
1778952409,66015,211.01,1980
1778952411,66275,210.53,1980
1778952413,66475,209.23,1980
1778952415,66975,209.43,1980
1778952417,67235,209.35,1980
1778952419,67295,205.79,1980
1778952421,67815,211.29,1980
1778952423,67815,211.05,1980
1778952425,68275,211.17,1980
1778952427,68515,206.60,1980
1778952429,68655,209.76,1980
1778952432,69035,209.34,1980
1778952434,69035,211.48,1980
1778952436,69415,210.23,1980
1778952438,69675,210.81,1980
1778952440,74957,208.16,1980
1778952442,75657,205.55,1980
1778952444,75677,209.34,1980
1778952446,76117,209.30,1980
1778952448,76617,212.47,1980
1778952450,76617,209.89,1980
1778952452,77077,210.58,1980
1778952454,77577,209.90,1980
1778952456,77577,211.43,1980
1778952458,77897,208.58,1980
1778952460,78157,209.57,1980
1778952462,78357,210.47,1980
1778952464,78617,207.79,1980
1778952466,78857,210.72,1980
1778952468,79257,209.59,1980
1778952470,79377,210.42,1980
1778952472,79637,205.99,1980
1778952474,79757,210.18,1980
1778952476,80157,211.02,1980
1778952478,48019,205.77,1980
1778952480,48719,210.09,1980
1778952482,48919,209.45,1980
1778952484,49419,211.24,1980
1778952486,49679,207.49,1980
1778952488,49879,210.30,1980
1778952490,50379,211.05,1980
1778952492,50639,212.03,1980
1778952494,50699,209.23,1980
1778952496,51219,209.38,1980
1778952498,51219,209.33,1980
1778952500,51419,206.00,1980
1778952502,51919,210.57,1980
1778952505,52059,210.83,1980
1778952507,52439,210.59,1980
1778952509,52439,206.63,1980
1778952511,52819,209.32,1980
1778952513,53079,208.68,1980
1778952515,55601,210.71,1980
1778952517,59061,210.81,1980
1778952519,59081,210.96,1980
1778952521,59521,210.48,1980
1778952523,59761,206.01,1980
1778952525,60021,209.92,1980
1778952527,60481,208.70,1980
1778952529,60981,211.95,1980
1778952531,60981,208.50,1980
1778952533,61301,210.94,1980
1778952535,61561,209.67,1980
1778952537,61561,211.27,1980
1778952539,62021,208.60,1980
1778952541,62261,209.71,1980
1778952543,62661,210.51,1980
1778952545,62781,207.42,1980
1778952547,63041,209.86,1980
1778952549,63161,209.57,1980
1778952551,63561,209.80,1980
1778952553,68703,203.60,1980
1778952555,69403,210.29,1980
1778952557,69603,211.36,1980
1778952559,69863,211.85,1980
1778952561,70363,209.57,1980
1778952563,70563,209.38,1980
1778952565,71063,209.92,1980
1778952567,71323,205.40,1980
1778952569,71383,210.95,1980
1778952571,71903,210.83,1980
1778952573,71903,210.67,1980
1778952575,72103,207.25,1980
1778952578,72603,209.82,1980
1778952580,72743,209.09,1980
1778952582,73003,211.50,1980
1778952584,73123,210.24,1980
1778952586,73503,210.38,1980
1778952588,73763,209.40,1980
1778952590,73903,206.57,1980
1778952592,79745,209.05,1980
1778952594,79765,210.21,1980
1778952596,80205,213.26,1980
1778952598,80445,210.25,1980
1778952600,80705,210.05,1980
1778952602,63405,210.94,1980
1778952604,63245,211.48,1980
1778952606,63765,209.29,1980
1778952608,64165,209.87,1980
1778952610,64405,211.39,1980
1778952612,64605,207.01,1980
1778952614,64865,209.57,1980
1778952616,65305,209.21,1980
1778952618,65565,210.40,1980
1778952620,65825,206.41,1980
1778952622,66065,210.91,1980
1778952624,66385,210.71,1980
1778952626,66645,211.60,1980
1778952628,71787,205.74,1980
1778952630,72487,209.53,1980
1778952632,72687,209.66,1980
1778952634,72947,207.35,1980
1778952636,73447,211.44,1980
1778952638,73647,210.71,1980
1778952640,74147,210.84,1980
1778952642,74407,207.28,1980
1778952644,74467,209.04,1980
1778952646,74987,209.93,1980
1778952648,74987,212.78,1980
1778952651,75187,210.32,1980
1778952653,75687,209.95,1980
1778952655,75827,209.63,1980
1778952657,76087,206.26,1980
1778952659,76207,209.46,1980
1778952661,76587,209.99,1980
1778952663,76847,211.29,1980
1778952665,76987,207.09,1980
1778952667,70909,209.52,1980
1778952669,71289,209.30,1980
1778952671,71549,209.86,1980
1778952673,72049,209.43,1980
1778952675,72049,211.01,1980
1778952677,72569,211.11,1980
1778952679,72829,206.75,1980
1778952681,73069,209.65,1980
1778952683,73329,209.42,1980
1778952685,73909,209.69,1980
1778952687,74169,207.54,1980
1778952689,74229,211.19,1980
1778952691,74349,210.69,1980
1778952693,74609,211.21,1980
1778952695,74869,208.75,1980
1778952697,75249,208.97,1980
1778952699,75389,209.47,1980
1778952701,75629,209.22,1980
1778952703,80911,208.01,1980
1778952705,75711,209.72,1980
1778952707,76151,211.68,1980
1778952709,76151,207.37,1980
1778952711,76551,209.89,1980
1778952713,76731,210.13,1980
1778952715,76991,213.47,1980
1778952717,77251,209.99,1980
1778952719,77511,209.88,1980
1778952722,77951,209.97,1980
1778952724,77951,207.27,1980
1778952726,78331,209.10,1980
1778952728,78591,210.45,1980
1778952730,79031,211.74,1980
1778952732,79031,206.65,1980
1778952734,79491,209.34,1980
1778952736,79631,209.29,1980
1778952738,79871,211.20,1980
1778952740,80131,208.02,1980
1778952742,80193,211.16,1980
1778952744,80213,211.03,1980
1778952746,80393,207.02,1980
1778952748,80893,209.79,1980
1778952750,80933,209.65,1980
1778952752,81073,210.12,1980
1778952754,77773,179.70,1980
1778952756,80893,179.37,1980
1778952758,79333,177.41,1980
1778952760,77773,177.01,1980
1778952762,80373,176.23,1980
1778952764,78813,176.33,1980
1778952766,77253,176.44,1980
1778952768,80373,177.58,1980
1778952770,78813,177.12,1980
1778952772,77253,176.24,1980
1778952774,80373,177.40,1980
1778952776,78813,176.18,1980
1778952778,77253,176.91,1980
1778952780,80373,175.29,1980
1778952782,78813,176.40,1980
1778952784,77253,177.81,1980
1778952786,80373,177.75,1980
1778952788,78813,176.41,1980
1778952790,77253,175.90,1980
1778952792,80373,177.05,1980
1778952795,78293,174.78,1980
1778952797,76733,176.26,1980
1778952799,79853,175.13,1980
1778952801,78293,177.08,1980
1778952803,76733,177.76,1980
1778952805,79853,176.78,1980
1778952807,78293,175.98,1980
1778952809,76733,176.77,1980
1778952811,79853,175.36,1980
1778952813,78293,174.31,1980
1778952815,76733,175.43,1980
1778952817,79853,175.84,1980
1778952819,78293,175.37,1980
1778952821,76733,175.72,1980
1778952823,79853,176.97,1980
1778952825,78293,176.63,1980
1778952827,78113,177.36,1980
1778952829,79333,176.37,1980
1778952831,77773,176.45,1980
1778952833,80893,174.87,1980
1778952835,79333,174.88,1980
1778952837,77773,174.85,1980
1778952839,80893,175.05,1980
1778952841,79333,175.27,1980
1778952843,77773,175.82,1980
1778952845,80893,176.24,1980
1778952847,79333,177.47,1980
1778952849,77773,176.61,1980
1778952851,80893,176.24,1980
1778952853,79333,176.32,1980
1778952855,77773,175.46,1980
1778952857,80893,175.94,1980
1778952859,79333,174.45,1980
1778952861,77253,174.60,1980
1778952863,80373,176.35,1980
1778952866,78813,175.80,1980
1778952868,77253,173.33,1980
1778952870,80373,173.54,1980
1778952872,78813,176.13,1980
1778952874,77253,177.15,1980
1778952876,80373,177.59,1980
1778952878,78813,176.81,1980
1778952880,77253,176.45,1980
1778952882,80373,177.27,1980
1778952884,78813,176.14,1980
1778952886,77253,174.95,1980
1778952888,80373,174.90,1980
1778952890,78813,176.43,1980
1778952892,77253,175.74,1980
1778952894,79853,175.40,1980
1778952896,78293,174.81,1980
1778952898,76733,176.40,1980
1778952900,79853,175.63,1980
1778952902,78293,174.03,1980
1778952904,76733,175.99,1980
1778952906,79853,174.91,1980
1778952908,78293,176.49,1980
1778952910,76733,176.47,1980
1778952912,79853,177.28,1980
1778952914,78293,175.57,1980
1778952916,76733,176.90,1980
1778952918,79853,175.65,1980
1778952920,78293,174.92,1980
1778952922,76733,175.80,1980
1778952924,79853,175.34,1980
1778952926,77773,173.43,1980
1778952928,80893,174.82,1980
1778952930,79333,175.03,1980
1778952932,77773,172.04,1980
1778952934,80893,174.69,1980
1778952936,79333,175.16,1980
1778952939,77773,174.17,1980
1778952941,80893,174.58,1980
1778952943,79333,175.58,1980
1778952945,77773,174.85,1980
1778952947,80893,175.29,1980
1778952949,79333,174.98,1980
1778952951,77773,177.16,1980
1778952953,80893,177.61,1980
1778952955,79333,175.93,1980
1778952957,77773,175.52,1980
1778952959,80893,175.44,1980
1778952961,78813,176.15,1980
1778952963,77253,175.28,1980
1778952965,80373,175.54,1980
1778952967,78813,175.28,1980
1778952969,77253,174.04,1980
1778952971,80373,174.12,1980
1778952973,78813,176.69,1980
1778952975,77253,174.66,1980
1778952977,80373,174.89,1980
1778952979,78813,174.31,1980
1778952981,77253,174.83,1980
1778952983,80373,175.78,1980
1778952985,78813,175.26,1980
1778952987,77253,174.15,1980
1778952989,80373,173.70,1980
1778952991,78813,175.37,1980
1778952993,76733,174.75,1980
1778952995,79853,174.34,1980
1778952997,78293,174.41,1980
1778952999,76733,177.19,1980
1778953001,79853,176.94,1980
1778953003,78293,175.74,1980
1778953005,76733,176.71,1980
1778953007,79853,177.38,1980
1778953010,78293,175.60,1980
1778953012,76733,175.41,1980
1778953014,79853,175.03,1980
1778953016,78293,175.78,1980
1778953018,76733,175.28,1980
1778953020,79853,174.23,1980
1778953022,78293,175.60,1980
1778953024,76733,175.47,1980
1778953026,79333,174.84,1980
1778953028,77773,175.69,1980
1778953030,80893,176.72,1980
1778953032,79333,175.23,1980
1778953034,77773,173.65,1980
