epoch_s,power_w,clock_sm_mhz
1779113962.544738971,131.70,1980
1779113963.111833424,131.67,1980
1779113963.640031538,131.63,1980
1779113964.173267530,131.64,1980
1779113964.720661353,131.63,1980
1779113965.248001190,131.61,1980
1779113965.797856695,131.67,1980
1779113966.344102525,131.69,1980
1779113966.884643637,131.70,1980
1779113967.434713408,131.70,1980
1779113967.970086672,131.69,1980
1779113968.528729711,131.71,1980
1779113969.068725544,131.72,1980
1779113969.609765509,131.73,1980
1779113970.172615959,131.77,1980
1779113970.739059258,130.27,1980
1779113971.283405458,128.54,1980
1779113971.824771090,130.78,1980
1779113972.357112100,135.57,1980
1779113972.884410418,139.50,1980
1779113973.461240210,141.25,1980
1779113973.989517122,141.18,1980
1779113974.516955763,140.52,1980
1779113975.043013328,140.61,1980
1779113975.570391805,140.83,1980
1779113976.097169451,141.25,1980
1779113976.623230204,141.35,1980
1779113977.150082862,140.71,1980
1779113977.678141811,141.47,1980
1779113978.205202382,147.26,1980
1779113978.732486812,160.78,1980
1779113979.258990105,171.77,1980
1779113979.786166657,171.36,1980
1779113980.312965697,162.95,1980
1779113980.840209538,158.95,1980
1779113981.367201242,168.10,1980
1779113981.893675644,175.48,1980
1779113982.420486854,173.73,1980
1779113982.947792376,173.28,1980
1779113983.474517023,174.86,1980
1779113984.001314594,175.57,1980
1779113984.529134177,175.73,1980
1779113985.057018288,175.62,1980
1779113985.584710361,175.33,1980
1779113986.111044393,175.79,1980
1779113986.637770757,176.31,1980
1779113987.163069151,176.76,1980
1779113987.689367535,176.72,1980
1779113988.216287556,177.52,1980
1779113988.742906836,176.60,1980
1779113989.269387179,175.90,1980
1779113989.796962227,176.20,1980
1779113990.324732085,175.79,1980
1779113990.852660097,176.53,1980
1779113991.379023823,176.59,1980
1779113991.905501319,175.92,1980
1779113992.432424942,172.52,1980
1779113992.959678236,163.18,1980
1779113993.485939985,154.79,1980
1779113994.012512602,145.97,1980
1779113994.539961814,141.41,1980
1779113995.067836046,141.26,1980
1779113995.594023413,141.51,1980
1779113996.120285606,142.15,1980
1779113996.646832286,141.95,1980
1779113997.173817434,141.94,1980
1779113997.701507842,142.10,1980
1779113998.228330613,141.69,1980
1779113998.755498861,146.37,1980
1779113999.283591221,154.30,1980
1779113999.811667021,160.75,1980
1779114000.338599614,164.93,1980
1779114000.866549410,160.76,1980
1779114001.393144108,164.08,1980
1779114001.921024682,163.01,1980
1779114002.447254171,165.28,1980
1779114002.974162984,170.70,1980
1779114003.500931247,170.89,1980
1779114004.027812520,171.40,1980
1779114004.555154299,170.28,1980
1779114005.083005173,167.37,1980
1779114005.653775209,154.48,1980
1779114006.180288317,148.71,1980
1779114006.706704882,139.24,1980
