133.90, 1980
128.33, 1980
121.10, 1980
117.04, 1980
117.55, 1980
118.05, 1980
118.64, 1980
119.11, 1980
119.79, 1980
120.21, 1980
120.27, 1980
119.20, 1980
119.16, 1980
114.99, 765
110.39, 705
105.39, 705
100.90, 645
96.10, 645
91.29, 585
85.86, 585
81.00, 540
76.16, 540
71.33, 495
70.65, 495
70.49, 450
70.36, 450
70.24, 405
70.16, 405
70.12, 375
70.09, 375
70.07, 345
70.09, 345
70.15, 345
70.22, 345
70.27, 345
70.30, 345
70.30, 345
70.28, 345
70.19, 345
70.06, 345
69.92, 345
69.76, 345
69.61, 345
69.43, 345
69.26, 345
69.11, 345
69.02, 345
68.96, 345
68.94, 345
68.96, 345
68.98, 345
69.01, 345
69.05, 345
69.12, 345
69.23, 345
69.35, 345
69.48, 345
69.65, 345
69.82, 345
69.96, 345
70.07, 345
70.15, 345
70.17, 345
70.11, 345
70.04, 345
69.91, 345
69.76, 345
69.58, 345
69.39, 345
69.23, 345
69.12, 345
69.01, 345
68.96, 345
68.93, 345
68.92, 345
68.93, 345
68.95, 345
68.99, 345
69.06, 345
69.15, 345
69.27, 345
69.43, 345
69.59, 345
69.74, 345
69.88, 345
69.99, 345
70.08, 345
70.13, 345
70.11, 345
70.03, 345
69.91, 345
69.75, 345
69.57, 345
69.40, 345
69.26, 345
69.12, 345
68.99, 345
68.93, 345
68.87, 345
68.86, 345
68.87, 345
68.90, 345
68.96, 345
69.02, 345
69.08, 345
69.18, 345
69.32, 345
69.46, 345
69.63, 345
69.80, 345
69.94, 345
70.05, 345
70.07, 345
70.07, 345
70.03, 345
69.93, 345
69.80, 345
69.64, 345
69.43, 345
69.29, 345
69.14, 345
68.99, 345
68.92, 345
68.88, 345
68.86, 345
68.86, 345
68.89, 345
68.93, 345
69.00, 345
69.07, 345
69.16, 345
69.30, 345
69.47, 345
69.64, 345
69.79, 345
69.93, 345
70.02, 345
70.07, 345
70.05, 345
70.00, 345
69.90, 345
69.75, 345
69.57, 345
69.35, 345
69.15, 345
69.04, 345
68.90, 345
68.85, 345
68.79, 345
68.78, 345
68.79, 345
68.82, 345
68.88, 345
68.98, 345
69.06, 345
69.19, 345
69.31, 345
69.46, 345
69.59, 345
69.74, 345
69.89, 345
69.97, 345
70.00, 345
70.00, 345
69.94, 345
69.81, 345
69.68, 345
69.50, 345
69.33, 345
69.17, 345
69.00, 345
68.91, 345
68.83, 345
68.79, 345
68.79, 345
68.82, 345
68.85, 345
68.93, 345
69.02, 345
69.12, 345
69.22, 345
69.37, 345
69.52, 345
69.66, 345
69.81, 345
69.95, 345
70.00, 345
70.01, 345
69.99, 345
69.90, 345
69.80, 345
69.62, 345
69.45, 345
69.28, 345
69.09, 345
68.93, 345
68.86, 345
68.80, 345
68.78, 345
68.79, 345
68.79, 345
68.83, 345
68.92, 345
69.00, 345
69.11, 345
69.25, 345
69.40, 345
69.56, 345
69.71, 345
69.83, 345
69.94, 345
69.98, 345
69.99, 345
69.93, 345
69.84, 345
69.70, 345
69.50, 345
69.29, 345
69.12, 345
68.98, 345
68.88, 345
68.82, 345
68.78, 345
68.76, 345
68.77, 345
68.82, 345
68.88, 345
68.99, 345
69.09, 345
69.22, 345
69.34, 345
69.49, 345
69.63, 345
69.78, 345
69.90, 345
69.94, 345
69.97, 345
69.94, 345
69.85, 345
69.71, 345
69.57, 345
69.37, 345
69.20, 345
69.05, 345
68.93, 345
68.83, 345
68.79, 345
68.76, 345
68.75, 345
68.78, 345
68.85, 345
68.93, 345
69.00, 345
69.12, 345
69.24, 345
69.40, 345
69.54, 345
69.70, 345
69.84, 345
69.93, 345
69.98, 345
69.98, 345
69.93, 345
69.85, 345
69.70, 345
69.50, 345
69.34, 345
69.14, 345
69.00, 345
68.86, 345
68.79, 345
68.76, 345
68.74, 345
68.76, 345
68.79, 345
68.86, 345
68.95, 345
69.05, 345
69.19, 345
69.32, 345
69.49, 345
69.65, 345
69.79, 345
69.92, 345
69.98, 345
70.00, 345
69.96, 345
69.88, 345
69.76, 345
69.61, 345
69.37, 345
69.16, 345
69.03, 345
68.88, 345
68.82, 345
68.76, 345
68.74, 345
68.74, 345
68.77, 345
68.82, 345
68.90, 345
69.02, 345
69.15, 345
69.30, 345
69.47, 345
69.60, 345
69.74, 345
69.85, 345
69.92, 345
69.99, 345
71.40, 1980
75.83, 1980
80.12, 1980
84.41, 1980
89.06, 1980
93.01, 1980
97.34, 1980
102.36, 1980
106.84, 1980
110.53, 1980
114.39, 1980
114.33, 1980
114.39, 1980
114.46, 1980
114.57, 1980
114.68, 1980
114.83, 1980
114.96, 1980
115.16, 1980
115.34, 1980
115.50, 1980
115.62, 1980
115.67, 1980
115.64, 1980
115.48, 1980
115.29, 1980
115.14, 1980
116.82, 1980
121.23, 1980
129.84, 1980
138.59, 1980
147.14, 1980
155.74, 1980
164.74, 1980
173.27, 1980
181.95, 1980
190.97, 1980
196.65, 1980
201.76, 1980
202.53, 1980
202.42, 1980
202.09, 1980
203.27, 1980
203.88, 1980
204.56, 1980
204.46, 1980
204.88, 1980
204.38, 1980
205.38, 1980
204.69, 1980
204.93, 1980
205.05, 1980
203.68, 1980
202.24, 1980
202.66, 1980
203.10, 1980
202.12, 1980
202.31, 1980
201.66, 1980
201.68, 1980
201.88, 1980
203.01, 1980
203.81, 1980
204.68, 1980
204.02, 1980
204.84, 1980
204.70, 1980
206.66, 1980
206.90, 1980
207.66, 1980
208.00, 1980
208.65, 1980
208.20, 1980
206.56, 1980
198.34, 1980
188.89, 1980
179.69, 1980
170.32, 1980
160.55, 1980
151.69, 1980
142.22, 1980
131.85, 1980
123.20, 1980
114.45, 1980
113.74, 1980
113.76, 1980
113.81, 1980
113.88, 1980
113.99, 1980
114.10, 1980
114.23, 1980
114.39, 1980
114.55, 1980
114.69, 1980
114.78, 1980
114.85, 1980
114.85, 1980
114.83, 1980
114.72, 1980
114.58, 1980
114.43, 1980
114.26, 1980
114.05, 1980
113.88, 1980
113.75, 1980
113.67, 1980
113.58, 1980
113.56, 1980
113.54, 1980
113.56, 1980
113.59, 1980
113.65, 1980
113.73, 1980
113.83, 1980
113.96, 1980
114.10, 1980
114.26, 1980
114.43, 1980
114.62, 1980
114.72, 1980
114.81, 1980
114.81, 1980
114.78, 1980
114.70, 1980
114.58, 1980
114.39, 1980
114.21, 1980
113.99, 1980
113.80, 1980
113.65, 1980
113.57, 1980
113.49, 1980
113.46, 1980
113.46, 1980
113.46, 1980
113.52, 1980
113.58, 1980
113.66, 1980
113.78, 1980
113.94, 1980
114.10, 1980
114.26, 1980
114.45, 1980
114.57, 1980
114.72, 1980
114.78, 1980
114.80, 1980
114.77, 1980
114.68, 1980
114.55, 1980
114.34, 1980
114.16, 1980
113.93, 1980
113.81, 1980
113.66, 1980
113.58, 1980
113.50, 1980
113.48, 1980
113.48, 1980
113.49, 1980
113.54, 1980
113.62, 1980
113.71, 1980
113.81, 1980
113.92, 1980
114.07, 1980
114.24, 1980
114.39, 1980
114.54, 1980
114.63, 1980
114.72, 1980
114.73, 1980
114.69, 1980
133.25, 1980
138.03, 1980
138.12, 1980
137.61, 1980
137.95, 1980
137.42, 1980
137.81, 1980
137.32, 1980
137.33, 1980
137.36, 1980
121.77, 1980
114.49, 1980
114.29, 1980
114.28, 1980
114.35, 1980
114.43, 1980
114.55, 1980
114.69, 1980
114.86, 1980
115.04, 1980
115.15, 1980
115.28, 1980
115.33, 1980
115.36, 1980
115.35, 1980
115.28, 1980
115.15, 1980
114.99, 1980
114.80, 1980
114.57, 1980
114.40, 1980
114.28, 1980
114.20, 1980
114.13, 1980
114.10, 1980
114.09, 1980
114.11, 1980
114.15, 1980
114.21, 1980
114.30, 1980
114.41, 1980
114.54, 1980
114.70, 1980
114.84, 1980
115.00, 1980
115.15, 1980
115.27, 1980
115.39, 1980
115.43, 1980
115.40, 1980
115.34, 1980
115.20, 1980
115.03, 1980
114.83, 1980
114.66, 1980
114.48, 1980
114.32, 1980
114.19, 1980
114.10, 1980
114.06, 1980
114.04, 1980
114.06, 1980
114.09, 1980
114.14, 1980
114.23, 1980
114.32, 1980
114.45, 1980
114.58, 1980
114.74, 1980
114.90, 1980
115.05, 1980
115.23, 1980
115.34, 1980
115.38, 1980
115.37, 1980
115.33, 1980
115.24, 1980
115.08, 1980
114.92, 1980
114.70, 1980
114.53, 1980
114.36, 1980
114.20, 1980
114.13, 1980
114.09, 1980
114.06, 1980
114.06, 1980
114.10, 1980
114.16, 1980
114.22, 1980
114.32, 1980
114.43, 1980
114.57, 1980
114.73, 1980
114.87, 1980
115.01, 1980
115.17, 1980
115.27, 1980
115.35, 1980
115.37, 1980
115.32, 1980
115.25, 1980
115.08, 1980
114.92, 1980
114.73, 1980
114.54, 1980
114.39, 1980
114.23, 1980
114.10, 1980
114.06, 1980
114.02, 1980
114.03, 1980
114.06, 1980
114.12, 1980
114.19, 1980
114.27, 1980
114.37, 1980
114.49, 1980
114.63, 1980
114.78, 1980
114.93, 1980
115.10, 1980
115.24, 1980
115.33, 1980
115.35, 1980
115.33, 1980
115.22, 1980
115.09, 1980
117.13, 1980
121.51, 1980
128.66, 1980
135.74, 1980
137.99, 1980
137.86, 1980
137.79, 1980
137.32, 1980
137.34, 1980
137.36, 1980
135.95, 1980
131.02, 1980
124.68, 1980
117.81, 1980
114.44, 1980
114.56, 1980
114.71, 1980
114.86, 1980
115.04, 1980
115.16, 1980
115.31, 1980
115.34, 1980
115.37, 1980
115.32, 1980
115.19, 1980
115.04, 1980
114.87, 1980
114.69, 1980
114.47, 1980
114.33, 1980
114.21, 1980
114.11, 1980
114.06, 1980
114.03, 1980
114.04, 1980
114.07, 1980
114.11, 1980
114.17, 1980
114.27, 1980
114.38, 1980
114.50, 1980
114.63, 1980
114.80, 1980
114.96, 1980
115.10, 1980
115.21, 1980
115.32, 1980
115.32, 1980
115.31, 1980
115.22, 1980
115.09, 1980
114.94, 1980
114.74, 1980
114.57, 1980
114.40, 1980
114.26, 1980
114.10, 1980
114.04, 1980
114.00, 1980
113.99, 1980
114.00, 1980
114.04, 1980
114.08, 1980
114.15, 1980
114.24, 1980
114.36, 1980
114.49, 1980
114.65, 1980
114.83, 1980
115.00, 1980
115.11, 1980
115.20, 1980
115.26, 1980
115.28, 1980
115.21, 1980
115.12, 1980
114.96, 1980
114.77, 1980
114.59, 1980
114.43, 1980
114.25, 1980
114.12, 1980
114.05, 1980
113.99, 1980
113.98, 1980
113.98, 1980
114.01, 1980
114.04, 1980
114.10, 1980
114.18, 1980
114.30, 1980
114.46, 1980
114.59, 1980
114.73, 1980
114.91, 1980
115.08, 1980
115.18, 1980
115.26, 1980
115.29, 1980
115.26, 1980
115.15, 1980
114.99, 1980
114.83, 1980
114.66, 1980
114.47, 1980
114.29, 1980
114.12, 1980
114.00, 1980
113.93, 1980
113.92, 1980
113.92, 1980
113.96, 1980
114.01, 1980
114.07, 1980
114.16, 1980
114.25, 1980
114.38, 1980
114.52, 1980
114.66, 1980
114.82, 1980
114.99, 1980
115.10, 1980
115.21, 1980
115.26, 1980
115.25, 1980
115.21, 1980
115.10, 1980
114.96, 1980
114.81, 1980
114.64, 1980
114.45, 1980
114.25, 1980
114.11, 1980
114.04, 1980
113.97, 1980
113.98, 1980
113.98, 1980
114.01, 1980
114.04, 1980
114.10, 1980
114.18, 1980
114.30, 1980
114.44, 1980
114.59, 1980
114.75, 1980
114.89, 1980
115.01, 1980
115.14, 1980
115.22, 1980
115.26, 1980
115.22, 1980
115.14, 1980
115.01, 1980
114.86, 1980
114.69, 1980
114.51, 1980
114.33, 1980
114.20, 1980
114.09, 1980
114.01, 1980
113.99, 1980
113.97, 1980
113.99, 1980
114.02, 1980
114.07, 1980
114.14, 1980
114.22, 1980
114.35, 1980
114.48, 1980
114.64, 1980
114.78, 1980
114.95, 1980
115.10, 1980
115.22, 1980
115.28, 1980
115.26, 1980
115.21, 1980
115.10, 1980
114.97, 1980
114.77, 1980
114.59, 1980
114.41, 1980
114.27, 1980
114.09, 1980
114.02, 1980
113.98, 1980
113.96, 1980
113.97, 1980
113.98, 1980
114.02, 1980
114.07, 1980
114.14, 1980
114.25, 1980
114.38, 1980
114.55, 1980
114.74, 1980
114.90, 1980
115.06, 1980
115.19, 1980
115.26, 1980
115.29, 1980
115.29, 1980
115.20, 1980
115.07, 1980
114.88, 1980
114.67, 1980
114.53, 1980
114.36, 1980
114.21, 1980
114.09, 1980
114.00, 1980
113.96, 1980
113.95, 1980
113.98, 1980
114.01, 1980
114.07, 1980
114.14, 1980
118.17, 1980
119.58, 1980
119.73, 1980
119.79, 1980
119.97, 1980
120.15, 1980
120.41, 1980
120.53, 1980
120.59, 1980
120.46, 1980
117.08, 1980
115.20, 1980
115.06, 1980
114.87, 1980
114.67, 1980
114.46, 1980
114.30, 1980
114.17, 1980
114.07, 1980
114.01, 1980
113.98, 1980
114.00, 1980
114.04, 1980
114.07, 1980
114.13, 1980
114.21, 1980
114.32, 1980
114.45, 1980
114.59, 1980
114.76, 1980
114.91, 1980
115.04, 1980
115.15, 1980
115.24, 1980
115.27, 1980
115.24, 1980
115.16, 1980
115.03, 1980
114.87, 1980
114.67, 1980
114.49, 1980
114.35, 1980
114.21, 1980
114.11, 1980
114.02, 1980
113.97, 1980
113.99, 1980
114.00, 1980
114.04, 1980
114.09, 1980
114.17, 1980
114.28, 1980
114.38, 1980
114.50, 1980
114.66, 1980
114.82, 1980
114.98, 1980
115.13, 1980
115.23, 1980
115.29, 1980
115.28, 1980
115.21, 1980
115.10, 1980
114.97, 1980
114.80, 1980
114.59, 1980
114.41, 1980
114.28, 1980
114.15, 1980
114.02, 1980
113.96, 1980
113.96, 1980
113.99, 1980
114.02, 1980
114.07, 1980
114.13, 1980
114.20, 1980
114.30, 1980
114.43, 1980
114.60, 1980
114.76, 1980
114.91, 1980
115.03, 1980
115.15, 1980
115.25, 1980
115.27, 1980
115.25, 1980
115.19, 1980
115.05, 1980
114.90, 1980
114.71, 1980
114.50, 1980
114.38, 1980
114.20, 1980
114.09, 1980
114.01, 1980
113.97, 1980
113.96, 1980
113.97, 1980
114.00, 1980
114.05, 1980
114.11, 1980
114.20, 1980
114.31, 1980
114.44, 1980
114.56, 1980
119.32, 1980
119.61, 1980
119.79, 1980
119.98, 1980
120.14, 1980
120.13, 1980
120.18, 1980
120.17, 1980
120.11, 1980
120.05, 1980
115.59, 1980
115.23, 1980
115.10, 1980
114.97, 1980
114.86, 1980
114.79, 1980
114.77, 1980
114.77, 1980
114.79, 1980
114.83, 1980
114.87, 1980
114.96, 1980
115.05, 1980
115.16, 1980
115.27, 1980
115.42, 1980
115.57, 1980
115.72, 1980
115.86, 1980
115.96, 1980
115.99, 1980
115.97, 1980
115.94, 1980
115.83, 1980
115.69, 1980
115.52, 1980
115.34, 1980
115.13, 1980
114.99, 1980
114.86, 1980
114.81, 1980
114.77, 1980
114.76, 1980
114.77, 1980
114.80, 1980
114.84, 1980
114.90, 1980
114.98, 1980
115.09, 1980
115.24, 1980
115.37, 1980
115.52, 1980
115.65, 1980
115.79, 1980
115.93, 1980
115.98, 1980
116.01, 1980
115.97, 1980
115.89, 1980
115.74, 1980
115.57, 1980
115.40, 1980
115.24, 1980
115.07, 1980
114.93, 1980
114.83, 1980
114.76, 1980
114.74, 1980
114.74, 1980
114.76, 1980
114.81, 1980
114.87, 1980
114.94, 1980
115.04, 1980
115.15, 1980
115.29, 1980
115.44, 1980
115.60, 1980
115.75, 1980
115.92, 1980
115.99, 1980
115.99, 1980
116.00, 1980
115.94, 1980
115.82, 1980
115.68, 1980
115.50, 1980
115.31, 1980
115.11, 1980
114.94, 1980
114.85, 1980
114.78, 1980
114.74, 1980
114.74, 1980
114.76, 1980
114.79, 1980
114.83, 1980
114.88, 1980
114.95, 1980
115.05, 1980
115.20, 1980
115.35, 1980
115.49, 1980
115.63, 1980
115.78, 1980
115.87, 1980
115.96, 1980
116.01, 1980
115.99, 1980
115.92, 1980
115.81, 1980
115.63, 1980
115.44, 1980
115.23, 1980
115.10, 1980
114.94, 1980
114.83, 1980
114.78, 1980
114.74, 1980
114.73, 1980
114.73, 1980
114.79, 1980
114.83, 1980
114.92, 1980
115.00, 1980
115.12, 1980
115.26, 1980
115.40, 1980
115.57, 1980
115.71, 1980
115.85, 1980
115.95, 1980
116.01, 1980
115.98, 1980
115.94, 1980
115.83, 1980
115.69, 1980
115.52, 1980
115.35, 1980
115.14, 1980
114.97, 1980
114.85, 1980
114.75, 1980
114.71, 1980
114.69, 1980
114.71, 1980
114.74, 1980
114.78, 1980
114.84, 1980
114.93, 1980
115.02, 1980
115.17, 1980
115.31, 1980
115.47, 1980
115.64, 1980
115.76, 1980
115.89, 1980
115.99, 1980
116.00, 1980
116.00, 1980
115.95, 1980
115.82, 1980
115.67, 1980
115.45, 1980
115.27, 1980
115.11, 1980
114.96, 1980
114.86, 1980
114.79, 1980
114.74, 1980
114.73, 1980
114.75, 1980
114.79, 1980
114.83, 1980
114.90, 1980
115.00, 1980
115.10, 1980
115.22, 1980
115.36, 1980
115.50, 1980
115.67, 1980
115.80, 1980
115.93, 1980
115.99, 1980
115.99, 1980
115.95, 1980
115.88, 1980
115.74, 1980
115.59, 1980
115.44, 1980
115.26, 1980
115.08, 1980
114.92, 1980
114.84, 1980
114.79, 1980
114.75, 1980
114.75, 1980
114.77, 1980
114.80, 1980
114.83, 1980
114.90, 1980
115.01, 1980
115.15, 1980
115.28, 1980
115.44, 1980
115.62, 1980
115.77, 1980
115.89, 1980
115.99, 1980
116.04, 1980
116.03, 1980
115.98, 1980
115.88, 1980
115.71, 1980
115.54, 1980
115.35, 1980
115.14, 1980
114.99, 1980
114.89, 1980
114.81, 1980
114.77, 1980
114.75, 1980
114.76, 1980
114.78, 1980
114.83, 1980
114.89, 1980
114.97, 1980
122.35, 1980
126.46, 1980
132.31, 1980
140.06, 1980
144.21, 1980
144.36, 1980
144.52, 1980
144.64, 1980
144.68, 1980
144.68, 1980
137.18, 1980
133.24, 1980
127.38, 1980
121.14, 1980
115.58, 1980
115.29, 1980
115.14, 1980
115.00, 1980
114.92, 1980
114.87, 1980
114.86, 1980
114.88, 1980
114.89, 1980
114.94, 1980
115.01, 1980
115.08, 1980
115.17, 1980
115.30, 1980
115.45, 1980
115.63, 1980
115.81, 1980
115.93, 1980
116.02, 1980
116.10, 1980
116.09, 1980
116.06, 1980
115.97, 1980
115.83, 1980
115.65, 1980
115.46, 1980
115.24, 1980
115.10, 1980
114.96, 1980
114.88, 1980
114.82, 1980
114.79, 1980
114.79, 1980
114.81, 1980
114.83, 1980
114.90, 1980
114.98, 1980
115.08, 1980
115.20, 1980
115.31, 1980
115.44, 1980
115.61, 1980
115.78, 1980
115.89, 1980
116.01, 1980
116.06, 1980
116.03, 1980
115.98, 1980
115.87, 1980
115.72, 1980
115.57, 1980
115.36, 1980
115.20, 1980
115.05, 1980
114.92, 1980
114.85, 1980
114.81, 1980
114.78, 1980
114.80, 1980
114.84, 1980
114.88, 1980
114.94, 1980
115.02, 1980
115.12, 1980
115.23, 1980
115.37, 1980
115.54, 1980
115.71, 1980
115.84, 1980
115.94, 1980
116.03, 1980
116.03, 1980
116.01, 1980
115.94, 1980
115.80, 1980
115.64, 1980
115.47, 1980
115.22, 1980
115.05, 1980
114.94, 1980
114.85, 1980
114.78, 1980
114.76, 1980
114.75, 1980
114.78, 1980
114.81, 1980
114.87, 1980
114.95, 1980
115.05, 1980
115.16, 1980
115.30, 1980
115.44, 1980
115.56, 1980
115.71, 1980
115.85, 1980
115.97, 1980
116.00, 1980
119.71, 1980
119.75, 1980
119.64, 1980
119.50, 1980
119.32, 1980
119.17, 1980
119.01, 1980
118.81, 1980
118.69, 1980
118.60, 1980
115.26, 1980
114.82, 1980
114.82, 1980
114.86, 1980
114.90, 1980
114.96, 1980
115.02, 1980
115.10, 1980
115.21, 1980
115.36, 1980
115.50, 1980
115.67, 1980
115.82, 1980
115.96, 1980
116.03, 1980
116.04, 1980
116.02, 1980
115.97, 1980
115.85, 1980
115.70, 1980
115.50, 1980
115.31, 1980
115.12, 1980
114.99, 1980
114.86, 1980
114.78, 1980
114.69, 1980
114.61, 1980
114.54, 1980
114.50, 1980
114.47, 1980
114.47, 1980
114.49, 1980
114.53, 1980
114.61, 1980
114.68, 1980
114.83, 1980
115.00, 1980
115.14, 1980
115.23, 1980
115.31, 1980
115.33, 1980
115.31, 1980
115.20, 1980
115.04, 1980
114.89, 1980
114.73, 1980
114.54, 1980
114.36, 1980
114.19, 1980
114.08, 1980
114.02, 1980
114.00, 1980
113.98, 1980
114.00, 1980
114.03, 1980
114.08, 1980
114.16, 1980
114.25, 1980
114.38, 1980
114.51, 1980
114.65, 1980
114.80, 1980
115.00, 1980
115.13, 1980
115.25, 1980
115.29, 1980
115.29, 1980
115.23, 1980
115.12, 1980
114.97, 1980
114.81, 1980
114.60, 1980
114.44, 1980
114.25, 1980
114.11, 1980
114.04, 1980
113.99, 1980
113.96, 1980
113.96, 1980
113.97, 1980
114.00, 1980
114.07, 1980
114.15, 1980
114.25, 1980
114.38, 1980
114.54, 1980
114.71, 1980
114.85, 1980
115.02, 1980
115.16, 1980
115.24, 1980
115.28, 1980
115.25, 1980
115.19, 1980
115.05, 1980
114.89, 1980
115.67, 1980
119.18, 1980
119.06, 1980
119.00, 1980
118.99, 1980
118.92, 1980
119.06, 1980
119.03, 1980
119.13, 1980
119.35, 1980
119.37, 1980
114.97, 1980
115.05, 1980
115.14, 1980
115.26, 1980
115.39, 1980
115.54, 1980
115.73, 1980
115.86, 1980
115.98, 1980
116.06, 1980
116.06, 1980
116.03, 1980
115.95, 1980
115.82, 1980
115.64, 1980
115.45, 1980
115.24, 1980
115.06, 1980
114.94, 1980
114.84, 1980
114.79, 1980
114.77, 1980
114.77, 1980
114.72, 1980
114.71, 1980
114.71, 1980
114.73, 1980
114.77, 1980
114.83, 1980
114.90, 1980
115.00, 1980
115.10, 1980
115.17, 1980
115.32, 1980
115.41, 1980
115.43, 1980
115.43, 1980
115.37, 1980
115.23, 1980
115.08, 1980
114.92, 1980
114.73, 1980
114.57, 1980
114.39, 1980
114.27, 1980
114.19, 1980
114.16, 1980
114.14, 1980
114.17, 1980
114.19, 1980
114.21, 1980
114.30, 1980
114.39, 1980
114.47, 1980
114.59, 1980
114.73, 1980
114.90, 1980
115.07, 1980
115.22, 1980
115.33, 1980
115.46, 1980
115.48, 1980
115.43, 1980
115.37, 1980
115.25, 1980
115.08, 1980
114.93, 1980
114.73, 1980
114.54, 1980
114.39, 1980
114.26, 1980
114.20, 1980
114.15, 1980
114.14, 1980
114.16, 1980
114.19, 1980
114.23, 1980
114.31, 1980
114.39, 1980
114.50, 1980
114.65, 1980
114.82, 1980
114.98, 1980
115.15, 1980
115.27, 1980
115.39, 1980
115.46, 1980
115.44, 1980
115.41, 1980
115.31, 1980
116.88, 1980
119.19, 1980
119.01, 1980
118.79, 1980
118.65, 1980
118.52, 1980
118.43, 1980
118.46, 1980
118.35, 1980
118.42, 1980
117.93, 1980
114.29, 1980
114.34, 1980
114.42, 1980
114.52, 1980
114.63, 1980
114.75, 1980
114.90, 1980
115.09, 1980
115.25, 1980
115.39, 1980
115.49, 1980
115.53, 1980
115.49, 1980
115.43, 1980
115.31, 1980
115.18, 1980
115.00, 1980
114.80, 1980
114.64, 1980
114.48, 1980
114.35, 1980
114.27, 1980
114.21, 1980
114.19, 1980
114.19, 1980
114.22, 1980
114.25, 1980
114.30, 1980
114.40, 1980
114.50, 1980
114.62, 1980
114.78, 1980
114.96, 1980
115.15, 1980
115.30, 1980
115.39, 1980
115.49, 1980
115.50, 1980
115.45, 1980
115.36, 1980
115.23, 1980
115.06, 1980
114.88, 1980
114.64, 1980
114.52, 1980
114.38, 1980
114.27, 1980
114.18, 1980
114.17, 1980
114.18, 1980
114.20, 1980
114.26, 1980
114.33, 1980
114.42, 1980
114.54, 1980
114.67, 1980
114.85, 1980
115.00, 1980
115.12, 1980
115.28, 1980
115.39, 1980
115.44, 1980
115.44, 1980
115.37, 1980
115.25, 1980
115.11, 1980
114.92, 1980
114.72, 1980
114.58, 1980
114.39, 1980
114.27, 1980
114.19, 1980
114.14, 1980
114.14, 1980
114.16, 1980
114.19, 1980
114.26, 1980
114.32, 1980
114.39, 1980
114.49, 1980
114.63, 1980
114.78, 1980
114.96, 1980
115.14, 1980
115.28, 1980
115.38, 1980
115.45, 1980
115.49, 1980
115.48, 1980
115.38, 1980
115.25, 1980
115.08, 1980
114.90, 1980
114.71, 1980
114.50, 1980
114.37, 1980
114.26, 1980
120.23, 1980
126.25, 1980
133.63, 1980
140.24, 1980
150.61, 1980
158.15, 1980
165.91, 1980
173.77, 1980
183.74, 1980
191.85, 1980
194.43, 1980
196.10, 1980
198.48, 1980
203.28, 1980
200.68, 1980
203.39, 1980
203.29, 1980
201.39, 1980
201.67, 1980
202.33, 1980
202.09, 1980
202.76, 1980
202.05, 1980
198.34, 1980
198.64, 1980
191.33, 1980
183.16, 1980
176.44, 1980
166.91, 1980
158.37, 1980
150.07, 1980
141.21, 1980
133.99, 1980
127.03, 1980
118.23, 1980
114.57, 1980
114.48, 1980
114.62, 1980
114.73, 1980
114.86, 1980
114.91, 1980
114.93, 1980
114.89, 1980
114.78, 1980
114.66, 1980
114.50, 1980
114.30, 1980
114.08, 1980
113.92, 1980
113.80, 1980
113.69, 1980
113.76, 1980
114.16, 1980
